PaymentID,CustomerID,BillerName,Amount,Date,Status
1,859,Chatterbridge,580,5/2/2023,Pending
2,421,Twinder,1326,9/4/2024,Completed
3,844,Aimbo,3857,7/29/2024,Completed
4,181,Twinder,974,8/15/2024,Pending
5,207,Gigashots,2215,3/28/2022,Failed
6,625,Zazio,1099,12/28/2023,Pending
7,530,Cogilith,836,11/14/2022,Failed
8,121,Meevee,2291,10/3/2022,Pending
9,75,Zooxo,2429,6/9/2022,Pending
10,460,Npath,2498,5/16/2024,Pending
11,550,Roodel,2371,4/6/2023,Pending
12,222,Skivee,445,8/21/2021,Completed
13,996,Geba,2458,10/10/2024,Pending
14,14,Devpulse,495,2/5/2025,Pending
15,485,Brightdog,4588,12/28/2025,Completed
16,385,Voonder,2404,9/13/2021,Failed
17,188,Npath,1637,4/23/2024,Failed
18,181,Innotype,196,1/17/2024,Completed
19,564,Fatz,3938,3/2/2021,Failed
20,66,Fivespan,4675,3/10/2021,Completed
21,266,Yata,3036,9/6/2023,Pending
22,962,Eare,4715,9/11/2021,Pending
23,652,Vitz,2702,10/3/2022,Pending
24,627,Dabvine,4539,8/9/2022,Pending
25,839,Buzzbean,4271,6/11/2023,Pending
26,499,Yoveo,249,3/11/2021,Pending
27,957,Eidel,3461,7/17/2021,Failed
28,585,Ozu,4341,10/13/2024,Failed
29,704,Ntags,2721,8/9/2021,Failed
30,744,Agimba,1884,4/22/2021,Pending
31,912,Yacero,2511,3/10/2020,Completed
32,31,Divavu,1662,12/31/2022,Completed
33,769,Feednation,1555,8/2/2024,Completed
34,815,Tazz,2002,8/2/2020,Pending
35,568,Kayveo,1971,10/9/2025,Pending
36,300,Tagfeed,2924,5/16/2023,Completed
37,404,DabZ,431,9/3/2022,Failed
38,248,Voolith,3996,11/28/2025,Failed
39,374,Mynte,2108,7/7/2022,Completed
40,389,Youtags,3548,3/18/2022,Completed
41,6,Jaloo,1042,1/7/2022,Completed
42,715,Quinu,1133,9/27/2021,Pending
43,724,Vinder,2409,11/15/2020,Completed
44,326,Latz,3877,11/19/2025,Failed
45,710,Chatterbridge,3134,8/16/2025,Failed
46,847,Tambee,2382,8/28/2022,Pending
47,994,Tanoodle,1607,8/20/2023,Pending
48,521,Ooba,3130,8/11/2025,Pending
49,308,Fatz,4387,1/13/2020,Failed
50,893,Kwilith,2072,9/19/2025,Completed
51,640,Eabox,1227,6/3/2022,Failed
52,63,LiveZ,2284,7/2/2023,Completed
53,912,Zooxo,1727,8/28/2025,Pending
54,569,Fanoodle,4928,11/2/2022,Failed
55,428,Katz,2087,3/23/2024,Pending
56,312,Mybuzz,3619,6/5/2021,Failed
57,825,Babbleopia,626,6/5/2022,Failed
58,42,Jamia,886,6/28/2024,Completed
59,581,LiveZ,2801,2/15/2021,Failed
60,214,Thoughtbeat,168,6/11/2025,Completed
61,373,Mynte,3110,6/9/2024,Failed
62,464,Innotype,2178,4/26/2022,Failed
63,922,Kazio,3717,8/28/2023,Failed
64,867,Yodoo,2316,1/20/2021,Failed
65,682,Skippad,3949,11/20/2020,Pending
66,987,Tanoodle,3843,2/24/2024,Pending
67,798,Devshare,1238,1/16/2024,Completed
68,824,Bubblemix,760,12/2/2021,Completed
69,992,Tanoodle,2328,8/31/2023,Failed
70,884,Rhycero,411,10/19/2022,Failed
71,95,Centimia,3940,7/31/2020,Completed
72,704,Npath,2203,11/27/2025,Pending
73,327,Skyvu,2703,6/20/2023,Failed
74,473,Voomm,1018,1/27/2022,Pending
75,118,Podcat,905,9/7/2020,Pending
76,897,Tagopia,246,5/20/2020,Pending
77,778,Yodo,2359,8/24/2025,Completed
78,685,Photospace,224,11/24/2024,Pending
79,908,Voonix,4877,7/24/2025,Pending
80,481,Meembee,2897,6/30/2023,Pending
81,963,Feedbug,3366,4/1/2024,Failed
82,887,Youbridge,2121,4/29/2022,Pending
83,149,Yozio,3826,11/4/2023,Completed
84,412,Skynoodle,3180,3/18/2020,Pending
85,906,Yodel,4560,4/24/2024,Completed
86,525,Babblestorm,677,8/3/2024,Pending
87,585,Zoomlounge,2063,7/21/2021,Failed
88,451,Bubblemix,1821,10/17/2023,Pending
89,497,Flipbug,2179,5/16/2022,Completed
90,953,Edgetag,944,3/27/2020,Failed
91,220,Gigazoom,1285,12/19/2021,Completed
92,133,Twimm,4249,8/19/2025,Completed
93,975,Trilith,258,11/12/2025,Failed
94,831,Yakijo,3498,9/3/2024,Pending
95,10,Chatterbridge,98,12/5/2025,Failed
96,773,Topicstorm,1730,2/3/2021,Failed
97,771,Yakijo,4822,4/10/2020,Completed
98,977,Devify,3237,1/11/2021,Failed
99,59,Gabtune,4993,10/22/2020,Failed
100,650,Jazzy,366,12/7/2023,Failed
101,258,Zoozzy,3851,5/25/2024,Pending
102,835,Oodoo,3390,7/12/2021,Pending
103,595,Rhybox,4239,1/12/2020,Completed
104,677,Jabbertype,4678,9/11/2023,Failed
105,948,Lazzy,181,12/23/2020,Pending
106,776,Dazzlesphere,4267,5/15/2024,Pending
107,979,Fatz,3644,7/9/2023,Completed
108,228,Kanoodle,4885,12/21/2024,Completed
109,297,Livetube,1630,11/7/2025,Failed
110,765,Einti,3567,12/19/2020,Failed
111,137,Myworks,4945,9/11/2022,Failed
112,214,Devpulse,2046,5/7/2020,Failed
113,107,Wikivu,2182,6/30/2022,Pending
114,173,Skyvu,642,7/27/2025,Failed
115,231,Zoomlounge,980,8/23/2023,Completed
116,517,Meejo,3813,11/16/2022,Completed
117,921,Ntag,2533,10/21/2023,Completed
118,758,Kazio,1305,3/30/2025,Failed
119,688,Devshare,3188,10/29/2025,Failed
120,28,Browsecat,4693,12/5/2023,Failed
121,772,Lazzy,1103,5/4/2025,Pending
122,425,Agivu,4070,4/16/2023,Pending
123,646,Oozz,3731,4/16/2022,Failed
124,325,Jaxworks,1293,1/29/2023,Completed
125,915,Buzzbean,325,1/20/2023,Completed
126,351,Jetwire,2344,11/2/2022,Pending
127,245,Eadel,3282,12/19/2024,Pending
128,264,Babbleblab,3934,12/7/2025,Pending
129,179,Vinder,1713,6/14/2022,Completed
130,902,Brainsphere,3492,1/15/2020,Pending
131,332,Avamba,3721,3/25/2020,Completed
132,465,Fivebridge,4177,7/22/2025,Completed
133,280,Reallinks,2804,7/20/2022,Failed
134,224,Quamba,4824,4/2/2023,Completed
135,428,Skidoo,1895,10/11/2025,Failed
136,707,Pixope,807,3/26/2025,Pending
137,62,Fanoodle,1094,2/14/2021,Pending
138,262,Skimia,2121,10/18/2024,Failed
139,225,Oba,2362,1/27/2021,Pending
140,524,Babbleblab,4858,6/12/2021,Completed
141,891,Photobean,897,12/4/2020,Completed
142,628,Kamba,3038,3/26/2024,Failed
143,153,Zoombox,982,4/20/2021,Pending
144,568,Janyx,3060,1/12/2023,Failed
145,16,Shuffletag,3254,6/18/2023,Failed
146,157,Kanoodle,512,10/17/2024,Failed
147,91,Wikizz,699,8/3/2025,Pending
148,138,Zooxo,2691,7/9/2025,Pending
149,842,Yotz,3996,6/28/2022,Pending
150,447,Skimia,1818,4/14/2024,Pending
151,618,Vinder,1704,2/25/2023,Completed
152,233,Ozu,1048,8/24/2024,Completed
153,556,Tazz,1082,2/22/2025,Completed
154,278,Agimba,4931,4/26/2024,Completed
155,262,Linklinks,1227,7/1/2022,Pending
156,724,Babbleset,1687,3/5/2025,Failed
157,611,Mynte,997,1/24/2025,Pending
158,541,Yakitri,3033,8/1/2022,Failed
159,249,Yakijo,2778,4/27/2024,Failed
160,330,Tazzy,1410,2/17/2023,Completed
161,761,Avamm,2665,3/3/2022,Completed
162,89,Jetpulse,1822,10/23/2022,Completed
163,696,Fadeo,3562,9/28/2025,Failed
164,534,Skyvu,2233,1/25/2021,Completed
165,864,Kaymbo,219,1/5/2022,Completed
166,23,Devbug,3420,11/22/2020,Completed
167,842,Fanoodle,2761,3/2/2025,Failed
168,810,Bubblemix,2559,7/1/2024,Pending
169,348,Fliptune,4498,1/21/2023,Pending
170,435,Photolist,4535,7/1/2022,Pending
171,394,Fanoodle,118,11/12/2022,Failed
172,140,Meetz,365,6/24/2023,Completed
173,78,Divavu,658,1/27/2022,Failed
174,678,Skyndu,170,8/26/2020,Completed
175,986,Quamba,2440,2/17/2025,Completed
176,242,Gevee,2956,10/13/2025,Pending
177,537,Trudeo,2836,9/16/2023,Pending
178,805,Zooxo,2709,5/7/2022,Pending
179,356,Midel,2357,11/18/2025,Pending
180,265,Meevee,1160,3/17/2022,Pending
181,789,Jatri,4979,10/31/2024,Completed
182,447,Skidoo,4583,5/7/2024,Completed
183,923,Nlounge,1368,2/18/2021,Completed
184,971,Jabbersphere,708,3/20/2023,Failed
185,182,Thoughtmix,1707,1/7/2024,Pending
186,907,Buzzshare,2457,1/1/2025,Failed
187,329,Camido,4257,9/7/2022,Pending
188,473,Kamba,2988,6/23/2021,Pending
189,263,Realbridge,1776,10/14/2022,Completed
190,227,Jaxbean,3586,3/14/2020,Pending
191,437,Oloo,4313,5/20/2024,Completed
192,498,Buzzdog,3320,8/14/2021,Completed
193,948,Mita,4984,4/23/2024,Failed
194,697,Mybuzz,2620,2/10/2025,Pending
195,839,Mydo,1396,10/25/2022,Completed
196,21,Wikivu,2545,2/27/2023,Pending
197,35,Eimbee,3195,2/2/2020,Failed
198,784,Linklinks,3627,1/2/2020,Pending
199,688,Skinder,848,1/3/2023,Completed
200,651,Tazz,1020,4/5/2021,Pending
201,44,Jamia,1476,1/21/2020,Failed
202,797,Abata,2841,10/14/2020,Failed
203,341,Twinder,665,8/16/2025,Completed
204,294,Jazzy,1813,10/11/2023,Pending
205,644,Snaptags,1088,1/25/2021,Pending
206,87,Skajo,3328,11/29/2023,Completed
207,916,Topicstorm,4511,8/7/2020,Pending
208,199,Quimm,3332,8/25/2024,Completed
209,963,Tazzy,3842,2/25/2023,Failed
210,17,Topiczoom,211,2/20/2024,Completed
211,397,Devpulse,2760,6/21/2022,Pending
212,926,Jaxspan,1737,2/14/2022,Failed
213,515,Jamia,3571,2/1/2025,Completed
214,890,Omba,2443,2/13/2022,Pending
215,435,Kayveo,1872,9/29/2025,Pending
216,601,Snaptags,3981,11/14/2023,Pending
217,128,Skyndu,1927,2/24/2020,Failed
218,425,Midel,1923,10/14/2020,Failed
219,509,Skinix,957,10/26/2025,Failed
220,193,Fatz,4698,4/7/2022,Failed
221,763,Twimbo,4279,3/24/2024,Failed
222,455,Kimia,686,5/29/2021,Completed
223,582,Plambee,3270,1/14/2025,Failed
224,9,Innotype,1373,5/23/2022,Completed
225,910,Tanoodle,3864,4/24/2020,Pending
226,756,Roomm,3960,8/2/2022,Pending
227,412,Zazio,2457,9/5/2022,Failed
228,400,Skyba,3951,10/12/2023,Failed
229,97,Livetube,3918,12/20/2021,Completed
230,12,Zoomcast,3817,6/27/2024,Failed
231,709,Brightbean,4182,5/6/2023,Completed
232,83,Yadel,2918,11/30/2022,Pending
233,872,Zooxo,4520,9/25/2021,Completed
234,309,Oba,3244,4/11/2022,Completed
235,555,Twimm,1726,1/24/2024,Failed
236,843,Voonyx,1554,2/10/2024,Pending
237,845,Innotype,4318,7/18/2020,Failed
238,466,Shufflester,4920,4/3/2024,Completed
239,739,Jabberbean,352,4/18/2025,Completed
240,569,Gabvine,4239,8/20/2020,Pending
241,223,Topicware,3548,1/7/2020,Completed
242,618,Shuffletag,2863,8/11/2020,Completed
243,688,Quatz,1764,5/30/2021,Failed
244,619,Fivebridge,2303,2/4/2020,Completed
245,231,Brightbean,503,9/22/2020,Failed
246,753,Twinder,3096,12/13/2020,Failed
247,228,Gigazoom,3359,10/23/2024,Completed
248,86,Twitterlist,3974,10/15/2022,Failed
249,76,Jaloo,4522,10/15/2023,Failed
250,400,Eimbee,1462,7/24/2023,Completed
251,580,Dabtype,4190,5/7/2020,Pending
252,470,Pixonyx,4618,7/13/2021,Failed
253,932,Wordtune,3279,1/4/2024,Pending
254,447,Blogpad,1687,12/26/2025,Pending
255,331,Mymm,3607,3/2/2023,Failed
256,315,Mynte,2879,11/20/2021,Pending
257,946,Mydo,1723,3/18/2021,Completed
258,260,Devify,2354,12/17/2023,Pending
259,312,Pixope,1001,8/17/2024,Pending
260,837,Flashdog,2248,8/24/2023,Failed
261,934,Quimm,3197,2/5/2023,Pending
262,62,Meezzy,1883,3/24/2023,Completed
263,729,Fivechat,790,10/16/2022,Failed
264,473,Voomm,3261,10/17/2020,Completed
265,707,Mynte,2804,8/27/2021,Failed
266,500,Quinu,3018,6/18/2023,Failed
267,72,Plajo,2580,6/11/2024,Failed
268,204,Quaxo,2710,2/20/2020,Completed
269,691,Dynabox,3557,10/28/2023,Failed
270,885,Rhyzio,511,2/12/2023,Completed
271,194,Lazz,4649,3/7/2025,Completed
272,500,Flipopia,4395,3/15/2024,Completed
273,840,Wikizz,1427,4/17/2020,Failed
274,251,Yakidoo,4037,9/30/2022,Pending
275,10,Oba,4861,3/15/2021,Completed
276,978,Innojam,2702,12/12/2020,Failed
277,721,Mydo,455,8/21/2021,Failed
278,663,Quinu,2328,6/16/2021,Completed
279,763,Meevee,2375,1/21/2024,Completed
280,976,Realfire,1704,8/30/2023,Completed
281,251,Oyoloo,4223,8/20/2022,Completed
282,305,Katz,2881,11/3/2025,Pending
283,280,Photospace,1968,10/28/2023,Completed
284,602,Kare,1700,8/2/2020,Pending
285,774,Kaymbo,1942,8/17/2021,Completed
286,832,Ozu,650,9/1/2022,Completed
287,989,Gabcube,3032,5/6/2025,Failed
288,334,Jetwire,2052,10/29/2025,Completed
289,792,Avamm,2417,10/12/2021,Failed
290,409,Roodel,4854,12/30/2024,Pending
291,595,Tagchat,466,10/17/2020,Completed
292,493,Tazzy,1339,12/31/2024,Failed
293,159,Vidoo,171,9/21/2021,Failed
294,483,Tagfeed,1347,6/15/2023,Failed
295,553,Edgeify,3100,4/14/2023,Pending
296,882,Einti,2179,10/7/2022,Pending
297,234,Realmix,3027,4/20/2023,Completed
298,511,Oyoyo,3059,5/22/2020,Failed
299,86,Feedmix,1487,8/30/2023,Failed
300,657,Yata,4752,3/25/2022,Failed
301,525,Gevee,4664,11/20/2025,Pending
302,66,Abata,3927,8/18/2021,Pending
303,784,Npath,2024,10/28/2024,Pending
304,862,Zoozzy,2269,12/29/2021,Failed
305,628,Rhynyx,670,12/16/2025,Pending
306,703,Feednation,958,5/20/2025,Failed
307,964,Jayo,1376,8/18/2022,Pending
308,825,Dablist,1661,10/26/2022,Failed
309,356,Ailane,3773,9/21/2021,Completed
310,846,Realbridge,1282,12/7/2023,Pending
311,53,Brainlounge,56,6/1/2022,Completed
312,591,Brainverse,3054,7/16/2021,Pending
313,218,Tagcat,1968,12/5/2020,Pending
314,572,DabZ,2528,2/21/2021,Completed
315,636,Thoughtbridge,896,8/6/2020,Failed
316,403,Podcat,4080,6/2/2022,Completed
317,454,Feedbug,3658,1/21/2025,Pending
318,689,Youspan,3198,6/27/2023,Pending
319,280,Layo,4243,2/21/2020,Pending
320,723,Vitz,1611,10/22/2020,Failed
321,726,Mymm,3595,1/4/2023,Failed
322,863,LiveZ,4335,12/31/2023,Pending
323,776,Innojam,1274,6/5/2023,Completed
324,511,Jaxnation,1437,1/28/2022,Failed
325,278,Fanoodle,3172,11/1/2023,Completed
326,864,Aimbo,3818,7/22/2023,Failed
327,73,Skipstorm,2610,8/22/2024,Failed
328,996,Flipstorm,2718,11/27/2024,Failed
329,559,Skyvu,3911,7/1/2023,Pending
330,511,Twinder,3663,3/9/2021,Completed
331,353,Oba,72,2/21/2020,Pending
332,506,Abata,146,3/27/2024,Pending
333,917,Camido,3601,3/22/2020,Failed
334,768,Cogibox,3807,7/4/2023,Failed
335,374,Livetube,1899,6/30/2020,Pending
336,279,Twitterwire,2010,1/9/2022,Failed
337,780,Yombu,3690,10/18/2024,Pending
338,286,Devcast,4739,10/22/2021,Failed
339,226,Dabvine,3314,8/11/2022,Pending
340,726,Quinu,4679,5/29/2023,Completed
341,372,Avavee,2697,9/28/2025,Completed
342,598,Vitz,521,8/9/2020,Completed
343,566,Jayo,2037,3/15/2022,Failed
344,31,Realmix,354,12/29/2021,Pending
345,621,Skiba,1053,5/14/2020,Failed
346,25,Divape,846,8/20/2020,Completed
347,912,Youspan,3626,3/3/2022,Failed
348,553,Thoughtworks,2046,9/3/2020,Completed
349,290,Camimbo,1848,12/29/2020,Failed
350,204,Blogspan,1450,12/19/2020,Pending
351,934,Centimia,1801,8/31/2025,Failed
352,140,Shufflester,42,7/2/2022,Pending
353,637,Meetz,203,7/8/2022,Completed
354,564,Aivee,3163,9/25/2021,Failed
355,602,Divavu,354,10/13/2022,Pending
356,168,Livefish,3963,10/8/2021,Failed
357,627,Oyonder,4798,11/21/2023,Pending
358,630,Youtags,4027,9/16/2020,Completed
359,844,Bluejam,2434,8/13/2021,Failed
360,459,Skyndu,2650,10/3/2020,Pending
361,84,Ntags,40,3/3/2025,Pending
362,254,Yodel,4988,6/11/2020,Pending
363,892,Gabspot,168,6/11/2025,Pending
364,174,Browsezoom,2348,9/6/2025,Failed
365,1,Yodoo,4720,9/11/2021,Pending
366,29,Quatz,2188,6/20/2023,Failed
367,951,Jaxspan,4231,4/23/2024,Pending
368,481,Dynava,2184,4/27/2020,Pending
369,620,Centimia,4547,7/26/2024,Completed
370,471,Tazz,1142,9/11/2023,Completed
371,469,Jabbercube,1653,12/1/2023,Failed
372,343,Skimia,3528,12/26/2023,Failed
373,687,Fliptune,3002,12/27/2024,Completed
374,831,Skimia,1453,6/26/2023,Pending
375,216,Plajo,675,3/12/2023,Failed
376,736,Omba,4598,2/11/2021,Failed
377,412,Gabtune,4179,1/6/2021,Failed
378,352,Yodoo,1081,12/26/2023,Completed
379,134,Twitterworks,3325,7/30/2024,Failed
380,137,Zoomlounge,2769,12/3/2020,Completed
381,624,Fiveclub,326,10/17/2021,Completed
382,604,Photospace,2599,6/24/2020,Completed
383,830,Tagopia,43,10/5/2025,Pending
384,955,Twiyo,2027,6/19/2022,Failed
385,911,Realbuzz,565,11/10/2023,Completed
386,467,Meevee,246,6/3/2021,Pending
387,5,Kwideo,3874,2/3/2024,Completed
388,998,Buzzbean,171,8/8/2021,Completed
389,220,Fivespan,4752,11/8/2025,Failed
390,590,Dynabox,1892,11/29/2025,Failed
391,875,Zoozzy,3461,12/24/2022,Pending
392,812,Talane,328,9/24/2023,Pending
393,382,Quimba,2284,10/8/2021,Failed
394,289,Innojam,448,7/2/2020,Failed
395,597,Skimia,2998,6/10/2024,Failed
396,424,Jabbertype,4282,7/21/2025,Completed
397,233,Skippad,3265,3/5/2025,Failed
398,548,Brightbean,3392,8/10/2025,Completed
399,231,Thoughtstorm,2915,4/17/2025,Pending
400,765,Ainyx,596,5/16/2023,Failed
401,833,Yambee,1232,1/19/2024,Failed
402,514,Yodel,3434,11/13/2021,Failed
403,893,Vinte,2998,11/21/2021,Pending
404,821,Roomm,3830,11/4/2025,Completed
405,979,Skinte,3255,3/23/2023,Pending
406,600,Fanoodle,4515,10/21/2020,Completed
407,544,Rhynyx,1772,7/23/2022,Completed
408,228,Edgeblab,1621,9/3/2025,Completed
409,92,Skidoo,168,8/19/2021,Completed
410,703,Devify,1131,10/10/2021,Completed
411,79,Muxo,4336,5/6/2022,Pending
412,514,Zoomlounge,3408,5/11/2023,Pending
413,394,Skyvu,2731,3/15/2020,Pending
414,574,Zazio,4898,12/13/2020,Completed
415,954,Rhyzio,2137,7/9/2021,Failed
416,411,Skyndu,3348,4/2/2022,Pending
417,667,Twitternation,3590,10/22/2024,Failed
418,383,Skyble,2276,7/1/2020,Completed
419,214,Devpulse,1139,5/19/2022,Pending
420,793,Jaxnation,2845,4/4/2025,Pending
421,578,Midel,1850,12/9/2025,Completed
422,275,Rhynyx,4258,12/2/2024,Completed
423,82,Trupe,3974,12/13/2022,Failed
424,197,Jazzy,2532,12/3/2025,Completed
425,246,Pixope,3232,9/23/2020,Pending
426,356,Shuffledrive,772,7/4/2025,Failed
427,891,Jabbersphere,1645,7/29/2022,Pending
428,881,Plajo,273,12/1/2023,Completed
429,946,Skilith,1665,7/31/2023,Completed
430,958,Kamba,754,3/12/2023,Failed
431,629,Abata,381,1/2/2023,Completed
432,611,Browsetype,3166,12/25/2024,Completed
433,437,Reallinks,3684,5/16/2023,Failed
434,573,Avavee,1992,4/13/2022,Pending
435,974,Skyble,3080,5/15/2023,Pending
436,264,Tavu,3417,10/2/2021,Completed
437,699,Quinu,2155,6/30/2020,Completed
438,577,Dabjam,3525,3/10/2025,Failed
439,808,Gabvine,2099,10/17/2020,Failed
440,387,Geba,993,8/25/2023,Failed
441,65,Twimm,1028,2/24/2022,Pending
442,724,Ailane,2222,12/12/2020,Failed
443,964,Fivespan,113,7/24/2023,Failed
444,66,Realcube,3483,7/14/2021,Pending
445,850,Dynabox,4046,10/25/2022,Pending
446,525,Dynabox,2797,6/19/2023,Failed
447,653,Lajo,888,12/28/2020,Completed
448,861,Roomm,835,3/13/2024,Completed
449,343,Livetube,735,5/4/2020,Pending
450,221,Quaxo,815,4/27/2022,Pending
451,974,Jaxbean,4637,3/5/2023,Failed
452,180,Brainsphere,4854,10/12/2022,Completed
453,337,Kanoodle,2999,9/23/2023,Pending
454,3,Omba,1826,7/13/2024,Failed
455,330,Youtags,963,5/20/2025,Failed
456,166,Fliptune,2608,7/13/2023,Failed
457,497,Edgewire,2474,3/25/2025,Pending
458,122,Oyoloo,4560,6/16/2021,Pending
459,158,Geba,1896,11/4/2025,Pending
460,49,Realbuzz,858,11/25/2021,Pending
461,387,Blogspan,287,7/15/2025,Failed
462,796,Lazzy,2572,12/13/2020,Pending
463,907,Divape,2108,10/14/2022,Failed
464,570,Yotz,2581,6/4/2022,Failed
465,18,Demizz,4792,12/31/2021,Completed
466,440,Jabbercube,1871,7/21/2022,Completed
467,621,Ailane,3170,4/2/2024,Completed
468,533,Geba,2798,11/2/2022,Completed
469,336,Thoughtsphere,2464,8/10/2023,Completed
470,528,Yamia,1698,1/13/2025,Pending
471,609,Talane,1893,1/3/2021,Failed
472,108,Agimba,4214,3/11/2022,Failed
473,870,Topiclounge,1012,4/11/2020,Pending
474,263,Wikizz,619,7/26/2023,Pending
475,81,Flashset,419,4/29/2024,Failed
476,520,Zooveo,4224,3/19/2024,Completed
477,308,Meeveo,4810,7/11/2024,Failed
478,999,Meetz,2797,12/4/2023,Completed
479,219,Voomm,4286,3/4/2023,Pending
480,940,Oyoyo,2153,4/18/2022,Failed
481,462,Edgeclub,4137,12/30/2022,Failed
482,265,Wordware,291,4/13/2024,Completed
483,224,Twinder,836,11/4/2021,Completed
484,933,Yakijo,4083,7/17/2025,Completed
485,903,Shuffledrive,2244,9/5/2024,Pending
486,992,Riffpath,4229,5/24/2021,Failed
487,919,Twinte,2422,3/20/2022,Completed
488,294,Tanoodle,4680,5/14/2021,Pending
489,378,Meevee,3120,10/15/2021,Failed
490,935,Gabspot,4720,5/21/2024,Failed
491,86,Vinte,2299,12/28/2025,Completed
492,126,Myworks,3992,6/2/2022,Failed
493,565,Innotype,1333,1/2/2022,Pending
494,652,Twinte,1858,2/20/2023,Completed
495,430,Eamia,1362,1/17/2025,Completed
496,219,Zoonoodle,4928,10/24/2023,Completed
497,955,Twiyo,1878,11/4/2022,Failed
498,82,Trudoo,2815,11/24/2022,Failed
499,262,Kanoodle,187,8/18/2024,Pending
500,351,Realbridge,3842,1/21/2023,Pending
501,363,Thoughtbeat,3854,11/7/2022,Completed
502,548,Reallinks,4252,7/20/2020,Pending
503,536,Meedoo,775,12/22/2020,Failed
504,761,Quire,4356,12/31/2023,Completed
505,801,Lazzy,544,9/12/2025,Failed
506,232,Dynabox,1113,9/20/2024,Completed
507,657,Yabox,3926,1/26/2023,Failed
508,387,Leexo,4068,11/22/2023,Failed
509,561,Twitterbeat,3734,12/25/2020,Completed
510,851,Gabvine,2775,12/15/2021,Failed
511,295,Livefish,4516,12/19/2023,Pending
512,703,Cogidoo,968,5/13/2023,Failed
513,809,Yakitri,3209,10/30/2023,Completed
514,633,Yodo,4558,11/23/2021,Completed
515,276,Jabbertype,207,4/19/2020,Completed
516,946,Gabcube,4044,3/15/2021,Failed
517,189,Babbleset,3600,4/22/2024,Failed
518,34,Wikizz,3481,3/21/2024,Pending
519,302,Photobug,2059,12/19/2025,Pending
520,476,Quinu,4847,11/23/2022,Pending
521,20,Youopia,3647,12/29/2020,Failed
522,172,Kazu,1849,5/9/2025,Pending
523,607,Jayo,1206,7/17/2020,Pending
524,249,Meeveo,2336,11/8/2022,Completed
525,544,Eare,4561,5/25/2021,Pending
526,914,Centizu,1335,1/5/2022,Pending
527,340,Thoughtblab,340,10/2/2022,Pending
528,286,Gabspot,177,4/23/2021,Pending
529,468,Zazio,2387,4/10/2022,Completed
530,452,Skyndu,3250,10/18/2023,Failed
531,215,Eare,1770,10/2/2024,Pending
532,673,Skaboo,229,2/4/2021,Pending
533,523,Skipstorm,4750,11/14/2020,Pending
534,240,Buzzdog,4880,8/29/2021,Failed
535,300,Innotype,75,12/8/2020,Completed
536,764,Jabbersphere,3048,1/15/2020,Completed
537,201,Thoughtstorm,972,12/27/2025,Completed
538,298,Tazzy,1652,5/20/2021,Pending
539,723,Cogilith,4125,4/6/2021,Pending
540,233,Gigashots,2198,10/18/2024,Failed
541,39,Dabshots,4653,12/8/2023,Pending
542,233,Flipstorm,2323,10/27/2023,Completed
543,428,Brainbox,4133,2/16/2023,Failed
544,957,Jetwire,4520,10/15/2025,Pending
545,965,Feednation,4347,5/3/2023,Failed
546,443,Tekfly,1440,2/21/2020,Completed
547,662,Thoughtstorm,554,12/3/2020,Failed
548,957,Skiba,2443,4/24/2025,Completed
549,424,Feedfire,4494,10/13/2020,Completed
550,285,Twinder,108,2/13/2024,Failed
551,621,Oyonder,2574,8/29/2025,Failed
552,706,Ntags,498,8/26/2022,Completed
553,760,Camido,3616,7/24/2020,Failed
554,850,Buzzbean,2078,2/28/2025,Completed
555,768,Browseblab,3661,5/6/2021,Failed
556,887,Kayveo,1522,2/15/2023,Pending
557,456,Eare,4023,5/24/2023,Completed
558,855,Browsebug,3846,11/2/2023,Completed
559,20,Skyndu,3067,1/25/2020,Pending
560,146,Feednation,1892,10/3/2021,Pending
561,483,Innotype,1961,9/20/2021,Pending
562,764,Aivee,4897,3/31/2024,Completed
563,455,Aivee,1294,11/30/2025,Pending
564,610,Buzzster,3745,12/10/2021,Pending
565,104,Brainlounge,2986,6/8/2022,Completed
566,412,Agivu,1082,3/6/2021,Completed
567,152,Oyoloo,4358,7/8/2023,Completed
568,865,Youspan,4328,1/28/2020,Completed
569,574,Digitube,2427,3/21/2020,Failed
570,725,Twimbo,2815,7/27/2022,Pending
571,707,Zoomlounge,1883,6/14/2021,Completed
572,540,Dabshots,4392,3/27/2023,Pending
573,21,Trudeo,2896,5/30/2022,Completed
574,911,Jetwire,639,3/15/2022,Failed
575,228,Photospace,402,8/23/2020,Failed
576,812,Meejo,1513,9/10/2021,Pending
577,362,Mycat,2031,8/14/2024,Pending
578,258,Thoughtblab,3337,1/24/2020,Completed
579,979,Yodel,3918,2/4/2025,Failed
580,423,Bubblemix,2432,11/2/2020,Failed
581,838,Buzzbean,533,11/14/2022,Failed
582,784,Innotype,3367,3/14/2023,Pending
583,263,Realcube,4015,2/23/2024,Pending
584,745,Zoomdog,976,1/16/2024,Completed
585,97,Trilia,1679,1/22/2022,Completed
586,50,Divavu,3773,10/5/2020,Failed
587,647,Quimba,3489,7/7/2023,Pending
588,546,Meemm,3811,5/15/2023,Failed
589,93,Eidel,744,4/27/2023,Pending
590,90,Zoomzone,130,1/4/2025,Failed
591,397,Rhycero,4140,11/8/2020,Pending
592,303,Brainverse,1612,7/3/2025,Completed
593,762,Brainverse,4014,10/8/2024,Failed
594,259,Edgepulse,1867,1/5/2022,Completed
595,107,Twitternation,195,7/28/2020,Failed
596,11,Gigazoom,2581,4/22/2025,Completed
597,720,Yacero,4743,8/12/2024,Completed
598,391,Nlounge,3802,10/14/2023,Completed
599,329,Kimia,2463,3/12/2023,Completed
600,486,Janyx,1888,5/16/2025,Failed
601,832,Lazzy,2864,12/14/2024,Pending
602,484,Zoozzy,1741,12/26/2024,Pending
603,641,Jabbertype,1156,3/28/2022,Completed
604,885,Linkbuzz,3081,2/21/2024,Failed
605,264,Livepath,2049,7/7/2025,Pending
606,52,Skyba,1255,8/11/2020,Failed
607,347,Jayo,2142,8/7/2024,Pending
608,814,Centidel,2398,4/13/2021,Completed
609,583,Rhycero,832,10/10/2025,Failed
610,873,Skibox,1176,2/18/2024,Completed
611,947,Browsetype,2679,1/18/2023,Pending
612,552,Buzzdog,2694,2/15/2023,Failed
613,785,Skajo,4724,12/22/2024,Completed
614,78,Omba,534,11/13/2020,Pending
615,595,Ainyx,3266,10/6/2023,Completed
616,279,Skinte,2785,10/3/2024,Pending
617,144,Yodo,3382,6/26/2025,Pending
618,296,Skyba,4858,5/10/2023,Pending
619,215,Oodoo,2684,12/22/2020,Failed
620,452,Realmix,4316,8/21/2024,Failed
621,654,Ainyx,4889,12/1/2022,Pending
622,745,Aimbo,4972,1/19/2023,Failed
623,781,Skynoodle,4666,7/5/2020,Completed
624,711,Zoozzy,2681,11/26/2020,Failed
625,89,Dabjam,4707,2/10/2022,Failed
626,482,Npath,515,9/23/2022,Failed
627,373,Voonder,4914,7/6/2024,Pending
628,964,Edgewire,1072,2/20/2021,Completed
629,540,Zooveo,3747,6/23/2020,Failed
630,100,Gigazoom,1616,12/17/2025,Pending
631,321,Vinte,128,5/4/2024,Pending
632,337,Livepath,2563,1/15/2021,Completed
633,345,Ailane,4140,1/30/2022,Completed
634,712,Dabtype,2681,12/18/2023,Pending
635,845,Mydo,4662,7/1/2020,Failed
636,678,Realfire,3334,5/27/2023,Failed
637,14,Linktype,565,2/9/2022,Pending
638,756,Meeveo,4408,7/20/2024,Pending
639,16,Vinder,3577,1/23/2020,Failed
640,555,Vidoo,3546,5/14/2023,Pending
641,887,Wordpedia,2968,5/26/2025,Completed
642,87,Tagchat,268,11/13/2022,Failed
643,894,Meetz,308,2/14/2021,Failed
644,821,Podcat,4708,9/21/2023,Pending
645,471,Skipfire,3193,3/12/2020,Completed
646,99,Browsezoom,4574,10/7/2025,Pending
647,220,Quimba,3117,12/4/2024,Pending
648,787,Lazzy,4288,8/17/2020,Pending
649,596,Topicware,213,9/12/2023,Failed
650,733,Browsezoom,4832,7/29/2022,Pending
651,90,Yakidoo,2673,2/10/2024,Pending
652,108,Bubbletube,1877,5/31/2020,Completed
653,83,Tagpad,4013,12/6/2025,Pending
654,427,Oyonder,91,3/24/2024,Pending
655,306,Thoughtsphere,1127,3/19/2024,Failed
656,86,Dabvine,1901,8/22/2025,Failed
657,179,Trunyx,1794,9/2/2023,Completed
658,831,Dabfeed,1953,12/12/2023,Completed
659,861,Trudoo,291,3/12/2022,Completed
660,935,Rhynoodle,483,9/9/2023,Pending
661,917,Digitube,27,8/23/2020,Completed
662,105,Voolia,1543,8/25/2025,Pending
663,224,Vimbo,3877,8/25/2022,Completed
664,641,Livepath,2521,7/20/2020,Pending
665,402,Dabvine,2626,1/28/2025,Failed
666,648,Quatz,986,7/19/2020,Pending
667,545,Gigaclub,391,2/1/2020,Completed
668,858,LiveZ,599,10/10/2020,Pending
669,455,Edgewire,1812,12/14/2020,Pending
670,290,Feedfish,3852,1/18/2024,Failed
671,44,Livefish,1469,6/25/2024,Completed
672,232,Skivee,3261,11/2/2025,Pending
673,711,Jamia,3826,5/9/2023,Pending
674,602,Buzzshare,552,7/29/2021,Pending
675,726,Dabshots,921,12/3/2022,Completed
676,771,Zoombox,228,6/20/2025,Pending
677,19,Oyope,1054,9/27/2020,Completed
678,402,Browsecat,2655,11/26/2025,Pending
679,122,Tagtune,4411,8/15/2025,Pending
680,116,Npath,4410,6/15/2021,Failed
681,858,Shuffletag,1672,10/14/2025,Failed
682,572,Ooba,2141,12/22/2025,Pending
683,787,Thoughtsphere,785,6/27/2025,Completed
684,340,Thoughtstorm,921,12/26/2023,Pending
685,987,Skyvu,4641,5/19/2024,Failed
686,520,Rhyzio,2141,11/9/2022,Failed
687,70,Realcube,3320,10/26/2022,Failed
688,20,Centizu,515,10/22/2025,Completed
689,571,Linkbuzz,1618,1/12/2021,Pending
690,481,Oozz,2575,5/23/2020,Pending
691,184,Zoombeat,968,6/18/2025,Completed
692,358,Jabbertype,2079,4/24/2021,Pending
693,256,Skinder,3438,1/23/2023,Pending
694,703,Shufflester,196,4/3/2020,Completed
695,775,Ooba,2348,6/19/2020,Pending
696,529,Eare,253,5/21/2023,Failed
697,905,Voolith,1373,10/30/2021,Completed
698,864,Skivee,2814,3/3/2022,Pending
699,277,Blognation,4557,6/16/2020,Pending
700,940,Brightdog,762,11/9/2023,Completed
701,554,Livefish,2395,6/22/2025,Completed
702,514,Twinte,2477,12/26/2023,Pending
703,924,Wordware,2496,12/16/2023,Failed
704,856,Eabox,2522,4/28/2021,Completed
705,73,Devcast,65,3/2/2023,Pending
706,534,Edgewire,492,3/13/2021,Completed
707,306,Blogspan,2475,6/29/2022,Completed
708,389,Quatz,3368,2/1/2023,Pending
709,386,Dynabox,718,1/31/2023,Completed
710,803,Dabshots,4839,11/17/2025,Failed
711,937,Tanoodle,2654,4/16/2020,Pending
712,855,Edgeblab,134,12/27/2023,Failed
713,289,Feedspan,4565,11/24/2025,Pending
714,903,Devshare,1094,2/5/2020,Failed
715,488,Twiyo,983,9/7/2024,Completed
716,160,Bubblebox,659,5/7/2023,Failed
717,301,Kazio,3085,3/17/2021,Failed
718,272,Eadel,4100,11/9/2022,Completed
719,707,Linkbuzz,1645,3/22/2025,Failed
720,347,Dynabox,2041,10/24/2020,Completed
721,404,Oyonder,2226,11/5/2025,Pending
722,44,Fivechat,4460,12/16/2022,Completed
723,523,Fanoodle,2442,12/8/2024,Completed
724,642,Tagpad,1854,6/17/2023,Failed
725,209,Thoughtbridge,4024,2/28/2020,Completed
726,458,Muxo,1226,4/27/2023,Failed
727,644,Divavu,4436,7/10/2024,Failed
728,303,Rhybox,148,11/4/2022,Failed
729,383,Twinte,1693,6/4/2023,Pending
730,23,Voonyx,4457,6/17/2021,Pending
731,885,Pixope,3678,3/8/2022,Pending
732,770,Shuffletag,1178,5/8/2023,Completed
733,158,Ainyx,3800,9/8/2025,Completed
734,589,Kare,3251,11/8/2020,Pending
735,226,Gabspot,507,1/11/2024,Pending
736,599,Divavu,1617,3/7/2021,Completed
737,148,Oodoo,1360,6/11/2021,Failed
738,567,Abatz,4666,3/25/2024,Pending
739,54,Zoombeat,3252,3/11/2024,Pending
740,64,Ozu,1400,6/13/2020,Failed
741,572,Lajo,1013,3/10/2023,Failed
742,111,Quimba,1143,7/20/2023,Pending
743,742,Browsedrive,2261,6/18/2024,Pending
744,758,Feedfire,4215,7/15/2023,Completed
745,435,Oyondu,1902,11/18/2024,Pending
746,765,Skidoo,2056,9/25/2022,Failed
747,506,Lajo,2966,7/2/2023,Completed
748,994,Bluejam,3602,8/5/2020,Failed
749,609,Eazzy,893,7/12/2024,Failed
750,219,Youspan,3098,12/12/2020,Failed
751,53,Innotype,1932,6/18/2022,Failed
752,57,Edgewire,3322,2/11/2021,Pending
753,307,Shufflebeat,2701,2/13/2022,Failed
754,275,Vitz,1438,10/30/2022,Pending
755,688,Jaxbean,1762,4/24/2024,Failed
756,343,Devbug,1544,7/23/2025,Failed
757,836,Edgewire,534,11/21/2025,Failed
758,43,Topiczoom,2620,7/20/2023,Failed
759,451,Rhynoodle,68,5/3/2021,Completed
760,236,Tagopia,2419,5/24/2024,Completed
761,437,Oloo,4656,5/10/2024,Pending
762,920,Tagpad,3318,1/11/2021,Failed
763,375,Buzzdog,3045,4/7/2023,Pending
764,66,Quatz,2856,1/9/2025,Pending
765,133,Skyba,2416,11/16/2022,Failed
766,728,Wordify,1139,3/14/2025,Pending
767,791,Zooveo,1756,9/28/2024,Failed
768,175,Jetpulse,1902,1/13/2021,Pending
769,185,Twitterworks,2548,10/24/2021,Completed
770,79,Katz,2868,9/25/2025,Completed
771,627,Riffpath,654,4/26/2024,Completed
772,896,Voolith,2412,7/29/2023,Completed
773,440,Quatz,383,6/24/2020,Failed
774,197,Mynte,2097,10/5/2020,Completed
775,386,Browsezoom,1477,7/31/2023,Failed
776,465,Flipopia,1343,6/1/2022,Pending
777,462,Thoughtblab,3564,5/28/2022,Completed
778,359,Babbleopia,3844,3/5/2025,Pending
779,112,Twitterworks,4201,9/30/2024,Pending
780,990,Skyvu,2415,7/28/2023,Completed
781,35,Yakijo,4913,8/17/2023,Pending
782,589,Dabshots,1029,11/11/2023,Failed
783,697,Thoughtblab,4023,10/16/2025,Completed
784,208,Mynte,2694,12/18/2020,Pending
785,897,Mynte,4176,5/30/2021,Pending
786,394,Twiyo,3499,3/26/2022,Pending
787,310,Jabbersphere,2238,8/4/2022,Completed
788,20,Brainbox,2152,6/1/2025,Failed
789,726,Realcube,1143,9/9/2021,Completed
790,513,Tavu,119,1/26/2022,Pending
791,361,Oyoyo,184,11/21/2020,Pending
792,429,Wikibox,4817,10/25/2024,Completed
793,340,Dabjam,2101,7/16/2024,Pending
794,3,Plambee,4268,12/28/2023,Pending
795,23,Einti,2805,9/29/2022,Pending
796,609,Agimba,1939,7/17/2025,Completed
797,176,Yakidoo,4563,3/1/2023,Failed
798,263,Oyope,3016,7/21/2022,Completed
799,873,Wordify,3395,4/1/2022,Completed
800,456,Leexo,4247,3/21/2024,Failed
801,853,Feedspan,3202,9/1/2024,Failed
802,959,Topicshots,4761,11/11/2025,Failed
803,467,Vipe,4488,7/12/2020,Completed
804,188,Izio,1383,10/26/2020,Completed
805,763,Gabcube,4652,11/1/2023,Pending
806,317,Browsebug,2721,2/25/2021,Pending
807,615,Voomm,2213,4/26/2020,Failed
808,680,Tanoodle,4308,3/16/2024,Completed
809,547,Wordware,4739,5/12/2023,Pending
810,134,Lajo,837,5/13/2023,Pending
811,664,Browsebug,2264,2/27/2024,Failed
812,203,Youfeed,1222,7/28/2021,Completed
813,231,Blogpad,4693,5/14/2022,Pending
814,346,Quimba,1485,4/20/2024,Pending
815,121,Kamba,2297,7/24/2020,Failed
816,797,Tanoodle,1164,5/27/2020,Pending
817,408,Tanoodle,3047,4/26/2024,Completed
818,415,Feedmix,322,7/15/2021,Failed
819,308,Yakidoo,1894,6/17/2021,Completed
820,549,Quinu,3845,3/1/2023,Failed
821,96,Rhyloo,4457,12/17/2022,Completed
822,878,Devpoint,2242,8/20/2020,Completed
823,903,Pixoboo,176,7/14/2025,Pending
824,947,Fivechat,1021,12/20/2023,Completed
825,119,Gabcube,17,8/30/2024,Failed
826,953,Plambee,4907,4/11/2020,Failed
827,987,Gabtype,3598,6/18/2025,Pending
828,384,Meevee,1596,5/6/2025,Pending
829,417,Shufflebeat,707,8/1/2025,Failed
830,923,Avaveo,2559,10/12/2021,Failed
831,142,Shufflester,4698,4/3/2020,Failed
832,452,Aibox,3873,1/24/2024,Completed
833,368,Voonyx,2372,3/21/2021,Completed
834,101,Agivu,3824,7/7/2021,Pending
835,345,Katz,3875,8/19/2025,Failed
836,597,Rhyzio,503,10/27/2021,Pending
837,90,Twitterwire,1191,8/1/2021,Failed
838,304,Blogtag,3081,3/1/2024,Pending
839,797,Quimm,3609,2/17/2021,Completed
840,235,Lazzy,707,3/15/2022,Completed
841,755,Tagfeed,3797,3/29/2022,Completed
842,532,Katz,1826,5/22/2023,Pending
843,273,Gabtype,1097,8/1/2023,Completed
844,71,Linktype,3068,8/25/2024,Failed
845,843,Ozu,4333,11/6/2020,Failed
846,429,Roodel,109,1/19/2024,Completed
847,946,Topdrive,178,1/14/2025,Completed
848,673,Oba,2633,9/20/2023,Failed
849,598,Wordpedia,2987,11/27/2025,Failed
850,360,Skiptube,4658,11/22/2021,Completed
851,949,Plajo,2604,4/10/2023,Pending
852,901,Muxo,3539,3/26/2023,Pending
853,931,Janyx,2672,7/2/2023,Pending
854,652,Dabshots,610,9/24/2023,Completed
855,892,Twitterwire,3489,6/23/2024,Pending
856,260,JumpXS,1999,7/22/2020,Pending
857,337,Mymm,3843,11/26/2024,Failed
858,263,Rhybox,429,1/5/2021,Failed
859,888,Jabberstorm,2425,1/6/2021,Pending
860,64,Twiyo,4927,12/5/2021,Completed
861,874,Minyx,3490,3/11/2022,Completed
862,828,Oodoo,2597,11/26/2021,Failed
863,762,Devify,4505,2/27/2020,Completed
864,306,Twitternation,2269,1/5/2025,Failed
865,326,Photobean,1847,11/1/2020,Completed
866,411,Wikizz,3333,2/7/2024,Pending
867,186,Realmix,3691,10/16/2024,Pending
868,250,Centizu,2541,12/29/2021,Pending
869,506,Kazu,853,11/28/2024,Completed
870,565,Tekfly,4431,8/30/2025,Failed
871,646,Trunyx,3818,5/1/2021,Pending
872,626,Oba,3981,3/23/2020,Failed
873,241,Aivee,4676,4/22/2021,Pending
874,533,Bluezoom,2358,6/2/2025,Pending
875,598,Dazzlesphere,1347,4/10/2023,Failed
876,408,Dynabox,4598,4/1/2025,Completed
877,396,Thoughtbeat,4765,6/6/2024,Failed
878,700,Voolith,2779,10/17/2020,Completed
879,420,BlogXS,4679,5/16/2020,Pending
880,704,Eadel,2491,1/21/2025,Failed
881,79,Fivebridge,2690,1/10/2025,Failed
882,323,Eabox,634,6/27/2024,Failed
883,828,Skalith,4405,10/14/2025,Pending
884,839,Vipe,409,9/22/2022,Pending
885,367,Midel,2735,8/24/2022,Failed
886,701,Browsetype,634,8/8/2023,Failed
887,839,Oyonder,525,11/16/2023,Pending
888,518,Feedspan,806,12/30/2022,Failed
889,769,Vimbo,3665,9/28/2021,Completed
890,880,Youspan,577,2/26/2022,Completed
891,87,Jabbercube,1569,7/11/2023,Failed
892,122,Thoughtsphere,2479,7/6/2021,Failed
893,390,Jetwire,1565,11/14/2025,Pending
894,148,Twitterworks,2229,6/27/2025,Failed
895,333,Flipstorm,348,7/2/2023,Pending
896,166,Dazzlesphere,3152,4/24/2024,Pending
897,870,Twitterwire,1787,7/17/2023,Failed
898,743,Tazz,1812,2/11/2021,Completed
899,651,Mycat,4551,3/2/2022,Pending
900,433,Miboo,1235,7/29/2022,Completed
901,728,Thoughtsphere,1040,6/27/2022,Failed
902,155,Flashdog,4114,2/3/2020,Completed
903,892,Voolith,1153,5/5/2024,Failed
904,997,Browsecat,1276,8/15/2020,Pending
905,210,Mynte,1198,7/22/2024,Pending
906,816,Roodel,2543,9/14/2020,Pending
907,567,Gabspot,1353,1/1/2025,Failed
908,254,Pixoboo,3507,6/8/2021,Pending
909,26,Jaxnation,1992,1/8/2022,Pending
910,142,Camimbo,3054,9/7/2023,Pending
911,737,Brainverse,1844,2/14/2021,Failed
912,961,Roomm,3889,2/24/2023,Pending
913,306,Trudeo,724,8/7/2022,Failed
914,543,Wikivu,2919,6/10/2023,Completed
915,971,Photospace,361,5/31/2020,Pending
916,882,Skaboo,2269,2/8/2022,Pending
917,35,Thoughtbeat,3410,3/25/2023,Pending
918,342,Trilia,515,9/18/2025,Failed
919,581,Plajo,2412,8/24/2021,Pending
920,576,Oyoyo,1829,9/9/2025,Completed
921,946,Youtags,4865,6/20/2022,Pending
922,262,Jaxworks,2844,2/4/2022,Completed
923,533,Riffwire,3805,6/9/2022,Pending
924,701,Meevee,4661,11/4/2020,Completed
925,182,Zooxo,2512,7/8/2024,Pending
926,901,Flipstorm,2604,5/8/2025,Completed
927,760,Wikizz,4022,1/6/2021,Failed
928,99,Photobug,2105,3/5/2022,Failed
929,108,Rhybox,425,2/22/2023,Completed
930,17,Fatz,608,5/20/2022,Failed
931,509,Agivu,4673,12/30/2021,Pending
932,477,Dynabox,1326,3/6/2020,Pending
933,126,Thoughtbeat,3138,8/7/2021,Failed
934,991,Yodel,1759,8/26/2022,Failed
935,380,Skimia,3703,12/20/2025,Pending
936,22,Ooba,1797,12/17/2021,Failed
937,222,Jaxbean,330,1/1/2023,Failed
938,990,Tazzy,2555,11/11/2020,Failed
939,902,Voonyx,4926,12/28/2023,Failed
940,133,Topicstorm,2893,3/28/2021,Pending
941,266,Kamba,1023,8/1/2025,Failed
942,469,Trunyx,1583,9/20/2024,Failed
943,849,Zazio,81,7/2/2020,Completed
944,399,Twitterlist,4785,11/4/2024,Failed
945,256,Browsedrive,3651,6/24/2022,Pending
946,358,Pixonyx,2791,5/16/2023,Failed
947,950,Zoombox,3908,4/8/2020,Pending
948,211,Talane,353,6/8/2025,Pending
949,185,Blogtags,551,11/1/2025,Pending
950,692,Wikivu,4514,5/27/2025,Failed
951,424,Devbug,3248,6/4/2020,Completed
952,399,Zoomzone,1049,9/24/2023,Failed
953,414,Gabtune,3347,12/31/2021,Completed
954,558,Chatterbridge,2182,2/24/2021,Pending
955,744,Feedbug,2719,12/10/2023,Pending
956,387,Thoughtsphere,1835,9/23/2021,Failed
957,225,Yambee,3702,5/18/2025,Pending
958,946,Zazio,3213,1/11/2020,Completed
959,19,Katz,3676,5/5/2021,Failed
960,834,Teklist,2736,9/23/2020,Failed
961,40,Edgepulse,373,5/1/2022,Completed
962,476,Jamia,4382,4/27/2022,Completed
963,7,Riffpedia,1908,1/25/2024,Failed
964,906,Buzzdog,1675,12/12/2023,Pending
965,8,Eamia,754,11/13/2020,Failed
966,967,Yakidoo,515,8/20/2021,Completed
967,51,Myworks,3318,5/20/2024,Pending
968,158,Twinder,1176,5/21/2025,Pending
969,40,Avamm,3956,2/7/2023,Completed
970,586,Realpoint,3515,6/1/2021,Completed
971,194,Tekfly,1618,2/27/2020,Pending
972,766,Rhyloo,3694,9/10/2023,Pending
973,343,Wikizz,3175,10/30/2021,Pending
974,570,Buzzdog,630,4/13/2025,Completed
975,372,Skimia,4688,9/17/2020,Completed
976,172,Buzzshare,4345,6/27/2022,Pending
977,513,Mydeo,4802,7/26/2021,Failed
978,89,Feedfish,37,9/10/2021,Failed
979,748,Topdrive,1479,5/7/2023,Completed
980,436,Blogtag,99,5/27/2025,Completed
981,842,Dazzlesphere,377,2/19/2024,Completed
982,259,Buzzster,4596,9/2/2021,Pending
983,636,Feednation,3343,12/16/2020,Pending
984,273,Mynte,2500,12/14/2022,Pending
985,565,Dablist,1673,4/6/2020,Completed
986,561,Tagcat,2418,3/12/2021,Completed
987,60,Feedmix,3915,8/24/2020,Completed
988,773,Zava,3822,4/9/2022,Pending
989,603,Oodoo,68,5/13/2024,Pending
990,853,Muxo,4937,9/11/2025,Failed
991,773,Voomm,3352,10/16/2022,Failed
992,130,Lazzy,2642,2/10/2024,Pending
993,846,InnoZ,346,2/23/2020,Failed
994,39,Twitterlist,2737,6/12/2020,Completed
995,857,Gevee,3270,2/8/2025,Completed
996,526,Quamba,1750,2/28/2025,Completed
997,996,Eamia,1149,8/12/2023,Pending
998,511,Zazio,4385,1/11/2025,Failed
999,581,Fatz,3586,10/17/2022,Completed
1000,965,Viva,2388,11/16/2025,Pending
