DebtID,CustomerID,AmountDue,DueDate,CollectorAssigned
1,202,13777,12/10/2020,Dionne Beany
2,802,14238,7/10/2021,Idalia Baff
3,907,932,1/12/2020,Tisha Lanchberry
4,385,8700,5/2/2024,Bertram Paulson
5,251,17373,10/31/2023,Brewer Orum
6,623,8511,2/20/2022,Rani Seiller
7,329,6790,9/30/2023,Aldin Karlicek
8,875,19166,3/20/2025,Bucky Madoc-Jones
9,295,18231,5/17/2025,Mattie Shiels
10,160,2189,8/30/2021,Lazare Cuttler
11,389,1678,10/7/2024,Sosanna Castellanos
12,2,11711,4/5/2021,Farrel Balham
13,208,18420,9/11/2022,Stirling Loude
14,105,359,2/8/2022,Walliw Weson
15,295,10619,8/14/2021,Bartholemy Clist
16,554,2551,10/8/2022,Kory Ibbitt
17,817,18216,5/29/2024,Aubine McNirlan
18,150,1529,8/24/2025,Avril Yekel
19,884,7729,3/25/2021,Fair Wollacott
20,574,2351,12/18/2020,Helenka Abyss
21,604,14384,11/16/2021,Robenia Austin
22,259,15243,6/23/2024,Cesare Kubica
23,590,2066,9/14/2023,Isis Maude
24,321,610,7/21/2022,Mellicent Haysar
25,515,7086,7/11/2025,Chucho Brandrick
26,341,19789,9/7/2025,Masha Zisneros
27,416,5473,6/28/2023,Halli Bennen
28,209,172,4/11/2024,Rhea Klamman
29,277,16622,12/21/2025,Val Korneichuk
30,345,8261,8/4/2025,Yehudi Commuzzo
31,673,7369,7/21/2024,Remus Marking
32,181,15334,1/5/2022,Kristos Pyatt
33,589,17426,3/6/2020,Vikki Knudsen
34,34,6183,12/1/2020,Averill Jeanel
35,886,10746,9/28/2023,Wendye Hinckley
36,887,17970,4/4/2021,Bel Deroche
37,428,15935,7/17/2022,Shayla Dast
38,626,10155,11/11/2025,Joellen Sharratt
39,793,6230,3/24/2021,Dag Di Biagi
40,816,19859,2/25/2024,Clerissa Trenear
41,696,13607,6/27/2023,Lorant Dotterill
42,173,13062,6/20/2024,Leontyne Prevost
43,894,3143,1/22/2023,Tara Leathwood
44,863,11009,7/17/2021,Neysa Thurby
45,727,5881,10/5/2025,Shem Andrei
46,236,18955,12/7/2023,Elvera Muress
47,586,8970,5/13/2023,Tibold Baggarley
48,132,17390,7/9/2022,Lorena Clymer
49,469,9376,4/19/2020,Olympie Spolton
50,380,11026,5/31/2023,Maurita Oubridge
51,575,11883,1/11/2023,Caron Perle
52,985,7593,9/17/2025,Hephzibah Pietruszewicz
53,534,9431,11/15/2020,Teresa Gamlin
54,891,6757,8/22/2025,Rodi Wase
55,121,17253,7/9/2020,Cynthia Alban
56,840,4111,8/26/2024,Petey Lalevee
57,723,13138,4/24/2020,Emlyn Kingh
58,638,10184,2/19/2022,Bryon Wardell
59,861,3687,9/9/2024,Ailina Jennins
60,484,4649,4/19/2024,Luci Venny
61,251,1276,2/23/2020,Marcus McClean
62,530,17393,5/21/2023,Eben Luetkemeyer
63,718,2351,5/17/2020,Travis Adame
64,793,5118,3/30/2021,Anselma Messenbird
65,443,3314,10/17/2025,Dell Saintpierre
66,793,3668,2/28/2020,Krishna Doulden
67,776,19114,3/31/2023,Connie Desborough
68,303,3949,10/13/2024,Brandy Cowerd
69,202,10186,2/18/2024,Case Worvell
70,970,16272,1/8/2021,Brena Youdell
71,449,9567,6/8/2025,Filmer Whenham
72,766,3981,5/21/2021,Andromache Lynde
73,915,18347,11/22/2022,Aguie Rhymer
74,859,12329,11/23/2023,Glyn Jarvie
75,805,12866,4/16/2021,Adrianna Tart
76,880,5604,1/5/2023,Silvie Grigorkin
77,606,17101,11/9/2024,Janaya Axcel
78,157,4351,11/10/2023,Ansell Bru
79,870,13057,8/13/2021,Veronica Spain
80,907,15992,4/1/2020,Brnaby Balfe
81,173,12560,5/9/2020,Eveline Minett
82,535,835,7/26/2020,Rosella McAndie
83,310,9817,5/18/2021,Rory Iveagh
84,320,14985,6/5/2025,Joella Golton
85,922,3650,7/24/2023,Livvy Scranny
86,943,4708,12/15/2023,Ibrahim Shapland
87,78,14176,9/9/2020,Sibley Dimelow
88,982,3469,3/14/2025,Zared Goodbody
89,607,11508,10/1/2020,Ramon Moland
90,615,7414,11/12/2020,Rozella Halahan
91,536,8238,5/21/2022,Halsy Jurca
92,60,10995,7/24/2021,Elane Tench
93,38,14023,1/14/2025,Enid Parradice
94,561,2198,1/21/2025,Jamima Stolze
95,331,2606,7/21/2025,Zolly Brodeau
96,177,12148,6/2/2020,Raddy Rapo
97,974,19791,2/11/2025,Adelle Firidolfi
98,609,18434,10/20/2025,Gil Rudgerd
99,515,9609,12/23/2021,Leoine Hoble
100,84,15287,4/13/2020,Ole Rafe
101,255,5141,12/1/2021,Annmarie Blackhurst
102,911,19229,2/7/2023,Thornton Fenix
103,765,5873,4/4/2025,Elenore Lillee
104,737,13602,3/8/2025,Madel Thumim
105,418,2806,11/25/2023,Merilyn Rillstone
106,6,13221,5/9/2023,Adrianne Gullyes
107,190,13937,11/29/2020,Herbert Shenton
108,184,16778,5/11/2021,Alanah Rivalland
109,316,1936,11/11/2020,Bea Levet
110,289,1075,3/26/2024,Ingamar Targett
111,841,5797,6/29/2022,Larry Swaine
112,776,10051,1/5/2025,Elsworth Wason
113,784,13951,7/5/2025,Karol Shawel
114,428,11925,1/21/2020,Clyve Howlings
115,731,5270,11/27/2020,Noami Houston
116,210,2915,7/12/2022,Chloris Stocking
117,346,19213,3/20/2025,Etti Arnoll
118,125,6049,10/27/2023,Leupold Eggar
119,575,19472,10/10/2023,Thibaud Bedbury
120,162,8698,11/23/2023,Kean Offiler
121,784,490,4/13/2020,Jdavie Hearle
122,503,19649,7/17/2022,Thurston Denacamp
123,616,9334,3/18/2025,Alleyn Balsdon
124,297,19096,2/4/2025,Dev Grewes
125,753,2193,11/9/2024,Lilly Klimp
126,540,8727,9/27/2025,Haydon O'Cosgra
127,448,14610,1/23/2020,Melany Gilling
128,149,5909,8/28/2021,Willi Parcall
129,596,8445,6/5/2021,Ed Jamblin
130,401,478,7/31/2022,Eddi Basindale
131,594,19581,4/9/2020,Bartholemy Ianinotti
132,265,12024,12/17/2020,Hayward Whines
133,413,12650,4/18/2020,Kissiah D'Alesio
134,344,6491,11/10/2022,Quent Toe
135,613,15113,7/8/2025,Guido Huckell
136,823,9946,6/5/2020,Bebe Lippitt
137,514,4082,11/18/2024,Thacher Battison
138,115,10281,6/15/2025,Jessey Pulteneye
139,557,16655,9/27/2021,Wallas Cosby
140,420,12543,4/27/2025,Kriste Leger
141,761,8547,5/24/2020,Lil Fitzpayn
142,828,19755,4/30/2025,Reinhard Consterdine
143,6,1945,8/1/2021,Val McPhillips
144,242,2683,9/16/2023,Ignazio Moatt
145,831,12909,4/15/2024,Suzanne Eyes
146,545,17262,12/22/2023,Lorinda McPhee
147,407,15205,7/29/2025,Polly Foux
148,857,3650,7/10/2024,Bridie Cormack
149,916,14162,4/2/2022,Lynn Waterdrinker
150,626,19662,5/23/2022,Wain Mullenger
151,199,18457,12/2/2025,Myrtle Hargess
152,182,15735,10/5/2021,Tammie Dahlgren
153,221,4149,2/27/2020,Lacie Brumbie
154,202,18577,7/12/2025,Ginnifer Padillo
155,793,10179,9/27/2025,Carolan Kenewell
156,698,5378,9/7/2020,Biddy Dufty
157,129,5957,12/22/2021,Loni Folomkin
158,590,4604,10/26/2025,Danie Ochterlony
159,937,18946,6/1/2025,Mahalia Wareing
160,710,10861,7/14/2025,Ogdan Rickell
161,997,13048,10/12/2025,Theresita Nickerson
162,503,19160,2/21/2020,Lovell Muccino
163,196,19642,7/30/2021,Susanna Edmonson
164,923,11953,9/25/2025,Olivie Mityukov
165,378,17175,9/26/2024,Timofei Foster
166,323,12582,2/18/2022,Giovanni De Stoop
167,69,10701,1/2/2025,Cosimo Comfort
168,500,2710,10/22/2025,Mata Butland
169,987,5262,11/6/2023,Dasie Spalls
170,728,16903,2/15/2025,Adara Cubitt
171,174,14801,11/27/2024,Fonz Feldfisher
172,49,9539,1/23/2025,Silvio Lammiman
173,917,2307,6/2/2021,Matthew Grote
174,711,6958,7/18/2021,Bordie Roglieri
175,79,19873,2/17/2022,Jacinthe Darbyshire
176,320,5475,6/27/2020,Wadsworth Barkway
177,351,11485,12/16/2022,Baxter Pantling
178,842,5977,1/10/2025,Michell Glanz
179,732,18654,3/5/2023,Selene Snalham
180,40,7295,6/15/2024,Patsy Jenik
181,295,16777,5/22/2025,Vasily Hartright
182,539,6296,8/8/2022,Kali Crosoer
183,162,6546,5/17/2022,Phillida Amis
184,983,15210,11/6/2020,Sly Ivetts
185,228,5609,10/10/2025,Darrin Shipton
186,995,14619,1/19/2025,Siffre Beneix
187,748,5151,1/14/2025,Barn Troutbeck
188,47,211,9/1/2023,Kay Sturt
189,485,12471,12/13/2023,Krishnah Laville
190,640,17019,1/16/2021,Goldina Panichelli
191,46,6573,5/12/2023,Giff McTerrelly
192,932,17457,6/27/2021,Audra Crumbie
193,585,16603,12/30/2020,Indira Scannell
194,402,16672,4/22/2025,Evangelin Cruces
195,161,6723,4/15/2024,Falito Onraet
196,761,18367,11/5/2020,Zeb Biddy
197,704,13803,3/24/2020,Case Bodycombe
198,442,15894,4/6/2020,Geoffrey Durrans
199,932,298,4/1/2021,Olav Buckley
200,325,3099,11/1/2023,Marlowe Beardsell
