KYCID,CustomerID,DocumentType,DocumentNumber,VerifiedBy
1,196,ID Card,BEX1TDUYR5,Egan Hilley
2,683,Passport,G085MDKLUH,Dewain Endrici
3,768,Driver License,1YUGFXN2PD,Sara-ann Coate
4,266,Driver License,4I8CFGR3KV,Pen Johnke
5,923,Driver License,YG3Q7EJ4DF,Rey Drysdale
6,305,Passport,ZI4CXYT1OM,Sholom Menary
7,27,ID Card,276BEL0JHK,Verney Harmeston
8,647,Driver License,3QRZ7KA9H4,Mannie Shawyer
9,456,Driver License,WSAUB701HG,Giovanna Dudding
10,794,Driver License,GZ69LEVO1W,Giorgia Pashba
11,402,ID Card,LP38M7BRE4,Heinrik Hinnerk
12,491,ID Card,YLHFXC0KJ8,Emmet Rollinshaw
13,731,Driver License,MRSZDCOL1I,Pascale Bremmer
14,583,Driver License,15SI94DQKJ,Eulalie Danet
15,626,Driver License,FUIC2PAQMH,Bridgette Beneteau
16,821,Passport,AC92N1GK8B,Carrissa Olcot
17,442,Passport,NG2Z5EJDIH,Gates Kurton
18,291,Driver License,VRZ0FLTAS7,Joye Overpool
19,560,Driver License,J6VUQGKWZ2,Arlina Jurisch
20,915,Passport,U7JRN8CDFA,Johannes Lording
21,907,Driver License,6CAR9SBE2N,Ardith Josephoff
22,727,Passport,1WR9374ITA,Raynell Royste
23,143,ID Card,2GQICZPJSH,Woodie Dare
24,304,Driver License,I6VCGPDWOY,Ranique Pride
25,663,ID Card,OFQLIG4NST,Pollyanna Arnot
26,293,Passport,9LSQW4HKFJ,Athene McAteer
27,136,Passport,MVXG20I91F,Serena Scibsey
28,653,Passport,CFLR28GIEQ,Sansone Schule
29,539,Passport,LXBA7V234I,Thomasin Knudsen
30,366,ID Card,BK4TZQ3D78,Kordula Cornfield
31,920,Driver License,7PT85RB93X,Hazel Pote
32,520,Driver License,7MELWT2I3D,Fernando Buncombe
33,274,Passport,3B1DC2YUTA,Chrissie Fairburn
34,901,Passport,TYQ0IA8HNM,Matty Dennistoun
35,769,Passport,Q1VIFDK8SZ,Kailey Woodger
36,169,Driver License,BC9EVIRUHW,Yasmeen Savoury
37,661,Passport,YVC80GFEI9,Damita Casol
38,61,ID Card,UJSGNV6KL5,Pren Andreassen
39,398,Passport,J40CY6VWH7,Barnie Santacrole
40,384,ID Card,L38AX1DJTV,Tera Thiese
41,109,ID Card,E8DUQT6MHS,Gusti Ridulfo
42,350,ID Card,FQ9P6GT0JX,Christean Taverner
43,815,ID Card,1M38Z4TDJB,Adrea O'Mahoney
44,600,ID Card,N5O67TA9L4,Neils Troake
45,472,ID Card,KYQ9D24JHF,Constancy Stendell
46,6,ID Card,8S5D1GHRX7,Heath Peacop
47,139,Passport,61RW72GJPK,Kelci Marjanovic
48,229,ID Card,CBAQ4PL6D1,Fiorenze Weatherley
49,646,Driver License,6XSN8YUCDP,Ted Dreye
50,419,Passport,BU9E2LTGSH,Frances Drews
51,557,Passport,5QUZWSI36F,Thaine Scripture
52,88,Driver License,9A3NEC7XSW,Demetris Jagoe
53,4,Driver License,UYA3D7WT1G,Ashely Dunbar
54,737,ID Card,KLNHF4JIC3,Sullivan Eggerton
55,959,Passport,X4AMVDGFW7,Inez Gritten
56,274,ID Card,FE9NU2XC4G,Baxy Tullis
57,475,ID Card,KZL5W7R2FM,Melloney Overstone
58,481,Driver License,0G1WBA4IRP,Zollie Ferencz
59,337,ID Card,1QAOEW5CPV,Edin Golds
60,951,Driver License,BHP7MN1O3C,Jacenta Leed
61,218,Driver License,5XVB4AMFHY,Launce Bernetti
62,168,ID Card,1AJDGVWFR0,Suzy Tzarkov
63,649,ID Card,PKAISY1V50,Dixie Magauran
64,576,Driver License,HSZIBQ802D,Lin Pietrzak
65,861,Driver License,1D8X9LY3TP,Bidget Stubbe
66,212,Driver License,GK5OPSY4RE,Berne Tollfree
67,863,ID Card,JCDP9BG02X,Ania Dyers
68,196,ID Card,4M68D5RWPH,Jonah Barrowclough
69,791,Driver License,KNT0A2BOCQ,Tabitha Sherrock
70,318,Passport,RLEZCPVY8H,Margalo Maydwell
71,317,Driver License,7854G0VUA9,Hillary Spinage
72,298,ID Card,IL7D0MZXNY,Ode Turpin
73,548,Passport,WZR4ACS2L3,Gunar Mersh
74,96,Passport,S72JA3GZ1B,Fonsie Robottom
75,855,Driver License,D71TSFX9WK,Desmund Howlings
76,185,Driver License,YMTB2QKDH1,Pippa Dudding
77,912,ID Card,BSUDKNJEXP,Tabitha Filipczynski
78,957,Passport,X913CQO87G,Dex Yglesia
79,176,Passport,CAORFGZ62Q,Petronia Bendel
80,282,Driver License,6H42A1U7N8,Doug Grahl
81,357,Passport,HO9NWATI76,Corbin Blaschke
82,728,Driver License,04PC6R8VLZ,Beatrix Cosbee
83,269,Driver License,16RHF8Y9O5,Paige Carlill
84,787,Passport,TV2M3BPZE5,Francine Baxstair
85,856,Passport,E2QHLKGF63,Andonis Herche
86,289,ID Card,BUV3ZMGHP4,Pavel Tideswell
87,36,Passport,D52E30PVQF,Skye Connold
88,262,ID Card,LKJFD9H4SG,Jocelyne Cahen
89,451,Driver License,PZ89KO61UB,Dickie Llewellyn
90,627,ID Card,TRCEUMDX5G,Miguel Prinne
91,725,Passport,74M3SFL0J1,Gilles Kimmings
92,152,ID Card,FS5MEBJGDV,Nolie Bielefeld
93,892,Driver License,OSCW920D61,Laney Pallin
94,184,Driver License,XNZLA09JMH,Teresa Cohn
95,504,Passport,96PXC2AYSZ,Fraze Stanworth
96,969,ID Card,N3CZVOE0A2,Genia Wildman
97,38,Passport,49SONLUZ7T,Grace Anstee
98,209,ID Card,B4WKRLP1ZV,Kaylyn Huebner
99,294,Passport,7K0ADXZ5NI,Ingeberg Wateridge
100,604,ID Card,7RFG3WJY6L,Melesa Fannin
101,784,Passport,X43YHTL8FB,Chrissie Keddey
102,185,Passport,CO2FYXRNZT,Patrizio Antoney
103,250,Passport,ZU9D3JTEGS,Curry McGovern
104,166,ID Card,I0APGFS34U,Kellen Hassent
105,271,Driver License,XEOGD0IP9C,Simone Airdrie
106,567,ID Card,X67NSZ5GVE,Rudyard Vasquez
107,150,ID Card,RQHLI8EMJD,Harriot Ortet
108,36,Passport,T0VHDN9BRG,Rozina Pinkie
109,908,Driver License,9KBPA7QOXF,Hervey Toovey
110,576,ID Card,SBIFVJQKTN,Jarid Tabert
111,828,Passport,04IRX6GWEO,Sheffield McRory
112,481,ID Card,KDF75BZAXM,Gayleen Stonhewer
113,130,Driver License,3DNLV9RSYC,Susan Tuminini
114,629,Driver License,8WFZAEHCTP,Olav Pinel
115,235,Driver License,QMG7I60NTY,Pammie Zelland
116,527,Driver License,CI9DJ18AVF,Cecily Caddie
117,834,Driver License,IPOVTZF3UJ,Shea Juris
118,383,Driver License,XCFIZ7D596,Hillary Taberer
119,797,Driver License,G72JI8UP5N,Ardis Doulton
120,84,ID Card,F30QD28JI6,Lynelle Itzhak
121,24,Driver License,Q9HWCFLXUV,Rivkah Beer
122,871,Passport,IN6KS9QF24,Cassy Ronchka
123,950,ID Card,4N1LQ8BH5K,Priscella Fabri
124,413,Passport,8WIXYBOD6R,Nariko Wannes
125,809,Passport,0PJK61XREI,Manuel Sangwine
126,690,Passport,LPNXG6EB2R,Yorke Stephens
127,368,Passport,80GPDZNTJ4,Bryna Gaydon
128,243,ID Card,UOFNICG04L,Lavena Troy
129,895,Driver License,IM826QZUC0,Rafaelia Orvis
130,109,Passport,4YOW36HI92,Adrienne Kindred
131,222,Driver License,EPJFMQDKU1,Gaston Craghead
132,572,ID Card,G2AEIT1VCJ,William Lenahan
133,393,Passport,Q35ISGVDZK,Kaspar Fenck
134,293,Passport,9MAY3VQDR0,Erma Allmann
135,243,ID Card,4SOXKV92CD,Cassandry Tallon
136,361,Driver License,9SFDLWBKYI,Adele De Cleyne
137,128,ID Card,HAWD7E26VG,Meggi Rippin
138,607,Driver License,FCR31K9HDW,Glenda Robertucci
139,143,Passport,TR89O1S46Z,Grannie Bau
140,338,Driver License,3ZA82YGMOE,Willetta Hovert
141,660,Passport,TW0R17KM2P,Arabele Ribey
142,195,Passport,ZGA7DBMTYL,Berti Waddie
143,244,Driver License,AWNQ751E8U,Terri Purshouse
144,349,Passport,XS4TMNH71L,Luz Gallon
145,321,ID Card,QKUGL14TRJ,Eldin Bourdice
146,672,Driver License,M6H2XKZWQF,Maurizio Brocklehurst
147,877,Driver License,94EDAHTVU2,Barclay Barcke
148,433,ID Card,CZ3EJBT2GA,Donnajean Binnion
149,755,ID Card,5EVRMA2ITO,Angelo Inkpen
150,5,Passport,0T9EYI6RGV,Erik Cobson
151,105,ID Card,GDCSPMEAB1,Carline Raunds
152,123,ID Card,TWM9NPIOVZ,Berty Solland
153,418,Driver License,5DECRPOMST,Romola Clingoe
154,724,Passport,9UBFPQRMI5,Levon Hairsnape
155,855,ID Card,L9ZEIRP68X,Anna-diane Windibank
156,446,ID Card,2NVXU1GLO0,Haskel Marunchak
157,253,ID Card,VOSC4N8M5A,Dani Lanphier
158,918,Passport,GOWN4AUHJI,Quentin Paschke
159,337,Driver License,0ZYBEXDRFS,Stevena Iseton
160,55,Driver License,D4YJFUOE9A,Ki Danilin
161,632,Driver License,4HGRBE3O5S,Rebecka Cleghorn
162,243,ID Card,F5S3M2ROLP,Donetta Father
163,218,Passport,GWMVF23IHQ,Anetta Sherratt
164,19,Driver License,VN4E7AOF5Y,Helli Kinsett
165,856,Driver License,JISA2TLDR8,Cleo Hanway
166,432,ID Card,KLPMI9Y124,Joscelin Twine
167,702,ID Card,BLXTHFP5DG,Claiborn MacGibbon
168,371,ID Card,XWBJ9LEPZD,Josee Dresche
169,679,Driver License,OR30FDGAMN,Gerri Kohrding
170,837,ID Card,5PDN46L3WS,Carilyn Wackly
171,90,ID Card,XUGTC5FHDJ,Brianne Rosekilly
172,677,Driver License,GX13MNI9SB,Thorin Bruhn
173,391,ID Card,PNJ5XAZT1S,Philippine Gorini
174,436,Driver License,38TW1O509C,Carlotta Eager
175,204,ID Card,N0O8YMPEH4,Desi Ethelston
176,374,Driver License,MFTLZ07O86,Griffin Pogosian
177,162,Passport,DGBYPV249A,Franciska Collecott
178,250,Driver License,82QBJAWHUL,Justina Richarz
179,146,Driver License,HCD9SFPTQ6,Anestassia Schoolfield
180,982,Passport,4V0WARLM3K,Goraud Hollingdale
181,18,ID Card,OQH1ZPSIUJ,Malissa Graysmark
182,463,Driver License,2AUJWTL0OK,Ronnie Grzesiewicz
183,482,Driver License,CMTUQR6DFK,Edeline Count
184,17,Driver License,I9WSGLEPOA,Melitta Minor
185,874,Passport,7NFQ89KP5I,Junette Franchi
186,662,Passport,C5VIXL408E,Mikey Bootherstone
187,868,ID Card,JPMZSRY280,Wash De Domenico
188,771,ID Card,TWRL3AYQDV,Manya Keely
189,799,ID Card,2UFP5BNOZW,Zeb Keggin
190,322,Driver License,JU4DAF85B9,Licha Matthewson
191,358,Driver License,OITU3K81EP,Sheba Blondelle
192,893,Driver License,SGIOCDNWFB,Erna Sondland
193,197,Driver License,F0E1J58KYV,La verne Curless
194,495,Passport,JXUYH7IMP1,Joshia Melbury
195,982,Driver License,HWF123RUL4,Roxine Yglesia
196,406,Driver License,GD8M7BJHUN,Inga Kienzle
197,348,Passport,VADSQKZYFN,Issy O'Shirine
198,459,Driver License,Z40TKG7Y3R,Gilburt Saer
199,342,Driver License,FSMR82QP4T,Regan Klaussen
200,419,Passport,N9FXEYPS30,Rickie Delacoste
201,335,Driver License,HQSOBKW7M1,Lucinda Damp
202,986,Driver License,35VTW7QYZB,Georgie Franklen
203,997,ID Card,L1U0RECB3K,Janka Mawdsley
204,439,ID Card,NFPB74YOLG,Letizia Vieyra
205,461,Driver License,5SMVWR3TPI,Andre Sleaford
206,238,ID Card,08HQ217ZUD,Angelico Matkin
207,827,ID Card,N72LVXGEK1,Finn Barlass
208,96,ID Card,0T95VREYCN,Marita Lutz
209,317,Driver License,ZHWXV05Y1Q,Caryl Trippett
210,297,Driver License,J178M5NXQL,Fay Allum
211,996,Passport,VZGU4CL3XJ,Camila Hodgin
212,779,Passport,680BV4R1UF,Laurena Crain
213,964,ID Card,7ABGV4YM0C,Darrick Leslie
214,37,Driver License,ZGEDQCWOKS,Silva Dobey
215,353,ID Card,PN0ZERTM2U,Camellia Coping
216,360,Passport,F3PIC6QMLN,Gretna Stranks
217,624,ID Card,AJ9TB7X218,Kari Taks
218,652,Driver License,6IWMJAF4OZ,Julie Kohen
219,821,Driver License,5OM1GWQBZ9,Dickie Jelk
220,754,Passport,Z1E3L4FXSD,Clint Petz
221,809,Driver License,JRXTGI39E7,Marcellus Instone
222,495,Driver License,6TYQCP9VW1,Magdalena Pedrol
223,27,Passport,EQ0NL9XPRJ,Jose McLenaghan
224,41,Driver License,8S5TLHOGWP,Felicity Sames
225,618,Passport,2TXYPE8BIF,Cicily Farnham
226,59,Driver License,2AUGVEFLP3,Patrizia Showt
227,686,Driver License,KVOL7AZYWN,Aigneis Pountney
228,413,Passport,GOLIK2V56Q,Alonzo Mattusov
229,25,Passport,3ZRB8DKIX5,Elbert Vanshin
230,467,ID Card,8BSEDPZUWN,Kristy Di Ruggero
231,990,Driver License,XQCF4I37VR,Mariya Gratten
232,60,Driver License,6W9JLE5BCN,Ellwood Heningam
233,888,ID Card,30MZOX6T5C,Mariann Durand
234,833,Passport,4FNC6ET5AH,Carrie Van Arsdall
235,858,Passport,U6H3ABSV5X,Tristam Copperwaite
236,403,ID Card,JVQAK1NLEI,Rube Sheffield
237,984,Driver License,CXT9PG5WQ3,Georges Huie
238,297,Passport,Y4JFB17TOQ,Garrek Matura
239,312,ID Card,YFHZVI9QL0,Octavius Varah
240,535,ID Card,QYRTXEFOG9,Gav Cronkshaw
241,671,ID Card,VA59DC8GUS,Justin Baudain
242,681,ID Card,EPTBHXNGD2,Kile Tamblingson
243,104,Passport,Z7QMUN6L9X,Monro Shepherdson
244,112,ID Card,14AJ259ED6,Alverta Headly
245,207,Passport,NW6BQEH87G,Reynard Charter
246,353,Driver License,XE0I91ZSBJ,Deidre Mosdill
247,460,Passport,M4P5WZDS8F,Harris Greiser
248,997,Passport,S3T509RJFL,Stan Creedland
249,553,ID Card,M5UJODIN60,Nikaniki Ferrelli
250,589,ID Card,YOM50Z4IPS,Rufus Klessmann
251,238,Driver License,P65BGIQ4VZ,Helaine Labbett
252,583,Driver License,6E0R9LV5CW,Pammie Ottewill
253,255,ID Card,1VIL3B7F6C,Ellis Tulloch
254,687,ID Card,ADP1XF8SGU,Sinclare Szabo
255,750,Passport,R7OYDZ1QS5,Madlin Hutchinges
256,291,Driver License,TD1H6GXBNV,Hope Durno
257,956,Passport,QR91PMVW5L,Claretta Chritchlow
258,205,ID Card,I6QZAVES8D,Wiley Hainsworth
259,218,Passport,MPZCRHLI18,Jany Badsworth
260,280,ID Card,SPVB215N7E,Averyl Jorio
261,468,Passport,IJRCA1B69Q,Josiah Worcester
262,550,ID Card,7C9U83QATB,Verena Rabbage
263,667,Driver License,OG8JTLN6F9,Holli Plastow
264,5,ID Card,BUP4Z80YDF,Lucas Eckley
265,116,Passport,EJOT6IC57F,Maddi Boyet
266,906,Passport,3QPOI9ZTG4,Catharina Legier
267,161,Passport,R0V4FSOY59,Redd Drance
268,330,ID Card,PNCMTGBUK7,Ronda Sammars
269,873,ID Card,L34Z69SPDH,Gabriell Hess
270,408,Driver License,1C7ROT9SNI,Prue Chambers
271,69,Driver License,HU8ZS0WLIB,Bondie Nolot
272,351,Passport,U7YW5XL9QD,Bernhard Rawdall
273,595,Driver License,HE9V8BGFPN,Cora Heavy
274,721,ID Card,M52PLK1W8Z,Matthieu Ygo
275,281,Driver License,EX61DPAKM3,Phil Tolumello
276,627,ID Card,GKU6XPTA4D,Baxter Semkins
277,994,Passport,13G04W95AL,Dukey Annion
278,926,Passport,54S6DOZNQY,Lalo Utley
279,471,Driver License,7NC2FQGTBS,Felicio Feifer
280,521,ID Card,S5K82W3YRA,Melony Massel
281,768,ID Card,CBFOTNI87S,Hanny Leggate
282,825,ID Card,2OKEQF1S4L,Siobhan Fairtlough
283,624,Passport,F2DSYNAU63,Holly Witsey
284,53,Passport,3ZOMU1GJHE,Gaspar McLaggan
285,190,Passport,JLRN804D5Z,Wilow Dumberell
286,815,ID Card,OBQ8NRM9LF,Keenan Rydeard
287,717,ID Card,DF8RWJ93QZ,Ranice Druitt
288,881,Driver License,DS0HRA9XCU,Billye Seleway
289,907,Driver License,08CSA9BT1I,Elmira Palphramand
290,162,Passport,RK295LCPOZ,Morse Cuberley
291,573,ID Card,7HZAVWJNKI,Nikoletta Loughman
292,736,Driver License,BHA54PYFG6,Law Lathy
293,41,Driver License,EA1XMGZQ79,Dorry Spencley
294,17,Driver License,8MBSZ6VKW2,Dedra Lamberth
295,918,ID Card,9T73BLJE8R,Paten Bendall
296,416,ID Card,JYPVUBRDC0,Kare Alejandri
297,970,ID Card,A74CKINSB0,Brena Rohloff
298,745,ID Card,AR0ID725WL,Shoshanna Dreelan
299,535,Passport,V0SKTGEX4R,Diandra Sallings
300,248,Driver License,CY4FNW8UOV,Mirelle Ganter
301,25,Driver License,OXBI3JM5LF,Jock Redmore
302,239,ID Card,BGV4MYXP2J,Meir Markie
303,574,Passport,AMHSR4OWJX,Harlin Clancy
304,292,Passport,N5IHJT3AU9,Gonzalo Byham
305,771,Driver License,SW7CN28GVZ,Cassaundra Shervil
306,247,Passport,3Y4HI59PEO,Glenn Seccombe
307,832,ID Card,V5YKAFZPHN,Fanechka Wythill
308,983,ID Card,32MCVZJSDH,Delcina Pennicard
309,706,Passport,872QRJBIMP,Alonso Bonifas
310,214,Passport,B4782HSD9L,Kareem Vankov
311,864,Driver License,8R7SM6UQLX,Marv Domenichelli
312,57,ID Card,X1YMIVBR0H,Nicky Lombardo
313,136,ID Card,1IWLG2689S,Miran Songer
314,988,Passport,QO5PWDCHA4,Tamarra Noice
315,80,ID Card,H8QM0V5KTF,Dona Crohan
316,404,ID Card,ARQNLTIKE2,Bentlee O'Scanlan
317,290,Passport,6LB3M0XUS4,Win Cunliffe
318,852,Passport,POTGMQFJ4A,Clarance Pringour
319,70,Passport,I80JEZDK4H,Ephrem Noone
320,418,ID Card,M73IHDZFSC,Sarine Loveguard
321,396,Driver License,T2ZNBA53JG,Gordan Shellcross
322,157,Driver License,MSVYBEFPAN,Dur Goede
323,45,ID Card,0IB5AHT9YG,Perri Wenman
324,252,Driver License,QO6INLT12Z,Welsh Aldcorn
325,220,Driver License,2LB34WTJUO,Dotty Gouch
326,743,ID Card,FAEL2BGOSD,Randy Kupke
327,183,Driver License,XLFGQNTO5K,Gayleen Androsik
328,609,ID Card,6NS3E8IRMT,Giralda Olyunin
329,730,ID Card,9RC0N8TYLI,Sheffie Calkin
330,921,Passport,A4JSOIBD7M,Christy Kinglake
331,622,Passport,6BSEXLQP9U,Shirlee Cornils
332,787,Passport,USK29LAG4O,Rae Trowell
333,254,Driver License,GH2L3SU1YQ,Alex Betancourt
334,710,Passport,RVUZEKCJ3A,Etheline Flanne
335,569,ID Card,JOU3ENALZX,Kellina Georgeou
336,652,Driver License,912BCVZLXR,Morris Tanner
337,233,Passport,EN0IL9QA4S,Lonee Cowup
338,466,ID Card,P1EOY67X0D,Laverna O'Shee
339,22,Passport,PH5QR7B0E3,Adler Seyfart
340,925,ID Card,YLN5AFCH4J,Vale Stenhouse
341,930,Passport,4S27CKYFTL,Shannan Gass
342,866,ID Card,9O4JRE7SKT,Genna Cullip
343,198,Passport,5Q0K8FLSHZ,Anatola Greetham
344,265,ID Card,5U843WRX07,Miller Blenkhorn
345,19,Passport,N9ILV5CZHJ,Rafe Rodear
346,36,Passport,EZ4VWRXYO3,Leilah Wyrall
347,616,ID Card,QN34ZHGY2M,Raffaello Saxon
348,410,Driver License,WMHOX2SA0K,Debra Webber
349,239,Passport,MQH2UKDPE4,Aurthur Brychan
350,470,ID Card,S2VH5CE98R,Mathias Tomaszczyk
351,895,Driver License,VULEHZWY10,Shandeigh Dami
352,613,ID Card,CTJBIGL7MW,Reuben Alelsandrovich
353,675,Passport,QAGOKNIMXD,Vincenty Carlisle
354,713,ID Card,S0CDBUQ4YI,Clemens Dand
355,810,Passport,HWV4KCNY5X,Carmon Godbert
356,238,Driver License,EFLWGKS71H,Ophelia Blease
357,238,Passport,6B3FADNTSJ,Zane Lazer
358,424,Driver License,YI2VQ8HXWE,Tisha McMurdo
359,189,ID Card,8L12SX0QI7,Nerty Osban
360,74,ID Card,BCJSQD5WMX,Richie Maharry
361,945,ID Card,B89GJCMDPH,Lucinda Itscowics
362,90,Driver License,1SPNYQE7GK,Nollie Gori
363,725,Driver License,U30MKRYWN6,Lynnette Ligerton
364,749,ID Card,HJG3DNSC1P,Darius Brideaux
365,867,ID Card,CNJOE60GZU,Corny Morehall
366,713,ID Card,NUS3KLAM62,Reggie McKim
367,557,Passport,3S56ZF9OLK,Demetri Johl
368,882,ID Card,19RD0NZ765,Cindy Sokill
369,234,Passport,3T6OX7ZAUN,Tiebout Erratt
370,896,ID Card,FRZA2SMEIC,Sargent Hantusch
371,195,Passport,N8Y4EBGFSX,Hobie Parsley
372,258,ID Card,GXF5CNDJUK,Querida McCurlye
373,886,Driver License,XDYWPGBF0N,Rozelle Schutze
374,541,Passport,X36BU5P2IR,Charla McTrustey
375,921,Passport,9AHJQGLM6X,Janeta Aries
376,123,ID Card,1JWE7FB49Z,Roderich Bompass
377,995,ID Card,DYFIBH58AU,Darline Clearie
378,324,Driver License,LBT69V0HXW,Ximenes Walkinshaw
379,436,ID Card,6Y0R3UZVQ9,Sauveur Linden
380,57,Driver License,092NMXK47Y,Darlleen Bernardes
381,942,Driver License,Q86H3K4PNV,Celia Vipan
382,345,Driver License,MOZ3DG9V5R,Maudie Crush
383,426,Passport,AYJFEZW0VK,Ketti Trubshawe
384,926,ID Card,RW79MYS3XP,Dorian Quilkin
385,10,Driver License,OL857SBXAC,Amata Huyghe
386,852,Passport,KLX1UYJ92G,Britt O'Deegan
387,962,Passport,QAJC9UOP4L,Shirley Crumpton
388,251,Passport,05XUOF1467,Livvie Huggan
389,80,Driver License,O9AB5LVD7G,Raphaela Saywell
390,489,Driver License,J5479I2BYL,Fairlie Cadore
391,311,ID Card,KP69JEA8XI,Becca Rosser
392,450,ID Card,HGM3K8BTLD,Jana Bills
393,92,ID Card,PRTML76EJ0,Elmer Sandyfirth
394,24,ID Card,CI3NTQSYG6,Yovonnda McCreedy
395,540,ID Card,GBY657FXON,Nicola Sharrocks
396,822,Driver License,BATX30WOEM,Pepito Laslett
397,921,Driver License,IBJ46NZTSD,Allison Baumert
398,659,Passport,2CJ4DFLM6G,Willem Franckton
399,435,ID Card,W1LCE8DOSX,Querida Bradbeer
400,558,Passport,C0KP3VFJRM,Lorrie Rissen
401,262,Passport,DIGTBVQE2Z,Fax Suddick
402,60,ID Card,B5HEY43NOJ,Etan Grasner
403,824,Driver License,ETO8C41GR3,Zuzana Dickson
404,452,Passport,K1IYS92D0X,Reena Pighills
405,558,ID Card,FU8V3X0IHA,Jerrilee Brou
406,641,Driver License,J3DKTBWSPU,Tamar Haack
407,218,Driver License,UCY7K3NVQO,Gratia de Leon
408,941,Driver License,12OWZFK9YJ,Goldarina Skillen
409,753,Driver License,V7HJO43P56,Milzie Littefair
410,349,Driver License,WZQG3NOX52,Happy McQuilkin
411,401,ID Card,NBK8TQP2RI,Cornelius Picknett
412,930,ID Card,EJNKG4LRBD,Scottie Calverley
413,360,ID Card,X1956PENFM,Bertie Ambrosoni
414,485,ID Card,2IXSVN1PFB,Hart Betts
415,993,ID Card,B63Q79ORCD,Brigid Knipe
416,448,Passport,9K20FY8TWE,Anthia Ligoe
417,474,Passport,RLJQ16BXSK,Gabrielle Ferrai
418,157,Passport,ZLEHM1OYXI,Tabbi Bonome
419,121,Passport,2EB64OHPKW,Tilda Tosney
420,296,Passport,NPAHUQFIC1,Dwain Churm
421,511,ID Card,LRVEQ36X9S,Amelie Blucher
422,433,ID Card,F68NKIG0XU,Kacy Buchett
423,61,ID Card,1EFOPW8R50,La verne Folker
424,327,Driver License,PKY3OL0D7F,Ynes Rilton
425,227,Passport,BLDEU09KVQ,Artemis Varrow
426,432,Driver License,KERSDGUT28,Cele Jeayes
427,259,ID Card,UFZY31D4GV,Jethro Steers
428,903,Driver License,YP9NTS712Q,Andris Brandom
429,892,ID Card,2XV5J6Z3HA,Nady Daffern
430,743,Passport,W5CKUSVLMR,Burnard Waleworke
431,650,Passport,8UO16FHZ7N,Nikki Haquard
432,547,Driver License,2E6J4VHSIN,Ardenia Bowery
433,206,Passport,SIL43WTCUM,Maurita Honatsch
434,950,Passport,I62NVG5B3L,Brianne Borgnol
435,533,ID Card,POLYX4JU1Z,Jacky McGee
436,451,Driver License,JR8HTPKS6M,Lenna Neat
437,937,Driver License,JO2VQNTIUF,Sascha Ness
438,909,Passport,H67K8B1R4A,Gasparo Cosgriff
439,253,Passport,XNCDZ5BOI4,Cahra Stiles
440,375,Driver License,HXZ75EWNAD,Isa Greenman
441,929,ID Card,U2KIW1O548,Marys Goodswen
442,904,Passport,7UGMR69IKX,Hildagarde O'Rowane
443,296,Driver License,NU2J3YZXCI,Aldous Bumfrey
444,444,Driver License,8QKX6D5M7A,Lindon Wegman
445,92,Passport,0GWSCA2UTY,Caroljean Downey
446,288,ID Card,HN7SIR5M4K,Benny Pavolini
447,298,Passport,RBZXFEPO5K,Luelle MacNeilly
448,643,Passport,92NFHZSVAM,Del Newvill
449,906,ID Card,NP0OQMK5YG,Tamar Plitz
450,527,Driver License,QAHLSKE0WN,Mignonne Penchen
451,651,ID Card,TZUW81DM0H,Gwennie Kyston
452,688,Passport,ZKY9R26SWQ,Aubrey Van der Beek
453,91,Passport,0TBP53AVR2,Booth Gainsburgh
454,921,Driver License,L5XMY6H7JC,Cam Liebrecht
455,994,Passport,86UFDC0BVT,Sigfrid Cahalin
456,488,Passport,06HS9NB1LV,Nataniel Pencost
457,104,Driver License,EIRKQGJB0D,Drew Chimenti
458,962,Passport,TRHZ4WMEGA,Ingrim Elgar
459,505,Driver License,SYAQ78E0VB,Lolita Gadman
460,795,Driver License,TBELQN2R9W,Lowe Nicholes
461,699,ID Card,B5PMLV1J0S,Gavin Wilcott
462,740,Passport,XU3WN4VRZY,Nikolos Reasce
463,246,Passport,G5JME08LDF,Jerrie Okroy
464,840,Driver License,93PV7STNDJ,Justinian Maffini
465,684,Passport,ZNOU981076,Vergil Fonteyne
466,595,ID Card,FKS5GQVIM7,Jermain Drinkeld
467,609,Passport,KDTPSJ05NB,Enrica Screen
468,583,Passport,AGIUNQXZ4J,Hedwig Coniff
469,782,Driver License,BD9O5R6ZVM,Celesta Horrell
470,820,Driver License,OWTUJS0NZM,Donetta Ivons
471,648,Passport,OHBQFSK5IV,Freedman Kingdom
472,369,ID Card,E4YFJ9N86D,Cecilla Shewsmith
473,340,Driver License,A65QWU08JT,Rheta Zanotti
474,304,Passport,WG6DL4ESFN,Coreen Stainsby
475,204,Passport,WYQ19NDE3F,Bert Bassingden
476,315,Passport,0TMY1DZQ95,Hanny Ebbin
477,532,Passport,KV1PI4O3GT,Stan Pezey
478,674,Passport,KFLO3MD9XZ,Merrel Veronique
479,135,Passport,9U0H2MTKI7,Emylee Grievson
480,832,ID Card,R1Y2FS40LC,Rock Andries
481,540,Driver License,L5AD9XW2BQ,Ernesto Lynde
482,200,Driver License,MNQ12DUIGT,Jessey Cuttles
483,605,ID Card,X50Y9RG7LB,Stavro Gayton
484,679,Driver License,QDJPRO9UF8,Calypso O'Dennehy
485,251,Passport,24AKSNHT0L,Otis Barendtsen
486,268,Driver License,5JTGEX8HMP,Guendolen Grandin
487,907,ID Card,N7EJAP5OQ2,Levy Crichton
488,209,Passport,DU2QM6LGWZ,Eustace Waldock
489,15,Passport,MZ7HL5ATE4,Gladys Bohea
490,912,Passport,ETB2MQYH3V,Gilemette Layborn
491,311,Passport,0YD7INLZJP,Andria Jostan
492,456,Driver License,186N0MU4ZF,Magdaia Penticoot
493,746,ID Card,MFDAX7TWZ4,Leroy Meynell
494,10,Passport,KYVT21GPUW,Zacharias Capron
495,846,Passport,EQHSNFJ9Y8,Morris Antonat
496,31,ID Card,QLRSZV8FBK,Elset Clubb
497,508,Passport,Q0OJ4YV23M,Ikey Pimerick
498,302,ID Card,Z1HG47QUFV,Rainer Oakland
499,347,ID Card,XY93Q4CKBZ,Lexy Kulvear
500,207,Passport,LJ71RQV8OD,Clemmie Colcutt
