UserID,CustomerID,Username,PasswordHash,LastLogin
1,303,rfundell0,$2a$04$mDbEVup4Y6dMvVVEAPnrSOP.JoYO6ngcSKkJIc03/ZXyuhF7AXUwy,6/14/2021
2,60,msaphir1,$2a$04$1gjXYXyQunm8XmKGuA5wieHcopjI3UOVQ24B4DJvfkTSuWcS9diH2,5/17/2024
3,185,icarabet2,$2a$04$yP11DXXm2IVwFU2psdYU/eLgDSv65fcRCQLeUQbASVKjAD7DPdEXe,9/14/2024
4,213,htremberth3,$2a$04$eGfeaDbKBhF0/5l.pz8JT.sbRk3TuJbs0e3lyY05m3j8yAFYait/m,4/3/2020
5,764,cjamrowicz4,$2a$04$7O0TnTaBxpzDK9CuXx9.POmnAaqGJRvO2cuhQ7K2W15QQh/o.Gi.6,3/6/2024
6,81,ndearnaly5,$2a$04$xoJrM6j10CtbP.nGuLS69eyq4x1oVhDG50GGIt42nzIovQob1zbhm,11/23/2023
7,902,cmacconnechie6,$2a$04$0LFGpcZxyqpDzpMeCrI6JOFbMCg7b19BIRGcj6Zeac0I1NWT3rQH2,8/25/2024
8,814,wmenault7,$2a$04$nCg1/oXeHdNynE7n4r3W2ubLIkh8ICmHfVdO33lUFdaUQdMs2Zoj2,9/24/2022
9,377,idyerson8,$2a$04$M2evIAOkeKG01rR/gni52OzfWoBtzZ3WXHbwUhYeuzTSXEeDBcxeK,3/24/2020
10,750,cdunge9,$2a$04$mPm6KDSK6Rq4R/3NbD/WLeNsWlBTX5u3Qh1ruqlMiFiKAYreHikai,3/26/2024
11,805,amoodiea,$2a$04$BWkLOKh3bVH/KKxf/A94ceUsvuHT/yJyKFbJY7mlpY496UUiuKzqG,9/3/2022
12,198,vleab,$2a$04$WKokIcuDqf3LsYNeDShGg.B6FXYi4k6hxxvk9H8rc6FIn6LS3ARCO,12/11/2022
13,825,rwalwoodc,$2a$04$xKgz9z1HB9q3jPPwiJw.eOZusYQwV3LEuOzWhFWrNZBmaHV46N4Sm,12/23/2022
14,304,hdyballd,$2a$04$H2q3OQpghXtwFvgOEwezMuhQ.raOPIPngGxkZ2aiylCZrgG0GCOxO,2/22/2020
15,205,ggutchere,$2a$04$i1Qaz3JZVlmLIhkDHaF3S.wqzAb3dJie3tcAyMqze4DCU0lrNhNlS,2/3/2020
16,197,cbockettf,$2a$04$7eAo.Wt8NiDzRT42uBzA9.w38V6CmryxEp.ojScOY0FT98MLPBCDq,10/4/2021
17,610,tduiguidg,$2a$04$iBqaJzYzDa19I01FyUDK8.RQjzRMCTg407TRPDyMMnSoIxNmJ8eiq,10/1/2024
18,355,elanawayh,$2a$04$89vtTspMTGINpBTBVtT2i.SWLik5s0PGXCYk9NSgCkP9MGoO8.IOO,10/31/2021
19,545,ycoulthursti,$2a$04$abXEAy0qSIENMYn/bm9LV.IlA1GgwBKyko3obm3xvj1OgK5mzI4fW,4/6/2022
20,520,ndensellj,$2a$04$zgGc6b/Uw4Z3tWYh5ru6FuJOk11Q1kGTy3/iO0yE2A7aktD3K6RIi,12/29/2021
21,455,irearyk,$2a$04$HZfEddUwcJmGKl.6az0Bz.yzrxfFgALO5RhDldCEs0uBe8d4ibck.,9/30/2025
22,41,stissimanl,$2a$04$Eq7ZtWYWMGfruSbaYuK8leqZKANJAUUkLKiLFUp/xDYY6L5IOL5Vq,3/27/2024
23,825,tcortnaym,$2a$04$JYLmeo/HZnzr0iQJw/X29.pEugzgdMwmd/VjcaWo1lTBMsPBf/B9K,1/23/2022
24,420,emingetn,$2a$04$4PlBerQ4siFVDGVC/dpXpeeijMPWJHSlaRHptkfC1Fffv6PR1saxy,3/24/2022
25,893,mvasentsovo,$2a$04$APaHHnjyseJccWuo8pif8O6Awu0APqr4MAVxTGhMVSyUisvBIofw.,10/2/2025
26,658,averep,$2a$04$rGvFjHTLusOss8eOzrchf.a2Fatv0p3Mw/7PRw03MPou8WIxWxou2,10/14/2025
27,442,aspradbrowq,$2a$04$p0ssbm/jybRlfvnJmKfWtuvI.d6mhANJQIxSMRFpA0IWXQud/e1fS,12/15/2025
28,660,ocottamr,$2a$04$ddsmkpqAzyFR7f5/0/bynOzcv8/vMmcLLuO7P.Zc.S8itcW2Q9oHK,6/14/2021
29,530,aivanenkovs,$2a$04$InTHz7eaWIVQQvMkx/orq.f8pxux5V83nqKYRw.3G1/2.uFXs4MMm,5/16/2020
30,355,scarrutht,$2a$04$VHkVS8HGvDCPrjpoXvVQdeiZYGAm3RuDAmnievqFy8Uad.krDAI/O,2/11/2024
31,940,tlukasu,$2a$04$Y/WTOAUGEHWo0YfY3veN2.GXSBWbGGufdXoznnu54jUkjLvv2jT0K,10/25/2023
32,560,bhaddonv,$2a$04$sZgWELJoKZuC5/JzxOvXduqxdv22jtoE.1TZ5sZycTSrBZKPRegUa,11/8/2023
33,725,tslimingsw,$2a$04$0wVcN6p/jNVpMvLGpCyCPOwPnAifpsiks5nXFIBV1vUqyxhC6k/eK,5/25/2024
34,269,rverheijdenx,$2a$04$47tSPO381TDHoNM2MkiGEuBsnEhtrGyxqC6cHU6kqVdq2V8imI6.G,6/7/2020
35,56,abehneckeny,$2a$04$tdz69WgdgrrdpDsVzjWRRuk.Yy94ItNSbBnWJdJIwazYDNwTsnShC,11/10/2020
36,130,astientonz,$2a$04$Zi3jhZ4lsaFl5J8EvWc3IOqQTtQFsETST95b1cXGJC4tr0wBq9XH.,12/27/2024
37,286,vberkelay10,$2a$04$9G/K59l5JofxbyFcrWWb5..pBWvRN2fJldnK58nuQdZqP68ckxK.O,8/29/2025
38,901,bcasse11,$2a$04$v4ZydU0WXxScDP2igokfPOj.CgIuBuv0fJ3WNhhJ.SUp4I/bPY/Pu,12/31/2022
39,364,mmacneely12,$2a$04$HgizxLhuxzcBUZxXch8umuh2wFyIMNhMVOPiqzQfVcYW0ZOaLwwtG,4/18/2023
40,96,sbento13,$2a$04$TrV9/91xPhH/9vtobBcUF.SJ/qgKdDH/6ztp51x2Ff1OJb1ftdu2C,2/5/2023
41,249,barndell14,$2a$04$RiA/bGUjvuJCNIPnJQIWa.SuWKZBeOT0iP4VK3eIZxqsFHWVlpPTC,4/7/2021
42,247,ccochran15,$2a$04$HA5XTyfrMTMKSYhK1rynCuBPk6yAjeLhEpcdb7P3GGg11DRF54qcS,5/22/2020
43,607,gpresshaugh16,$2a$04$XcvqSZN3Xr9VNctzb0AJW.AAiFazwWM/nKFQpYmg1PufMwYf4GA.i,7/21/2023
44,185,cmcfaul17,$2a$04$vg23764GV3evLYUkpgv8eu1N.gRUuyzqlnWRyhD43FFxj/oo/HvAC,10/21/2021
45,342,cbroxholme18,$2a$04$2doxN/HLvCzk4iHuyS94J.omM2ITp/lqMDUm1HDj5/XfTCbTPyZ.a,6/24/2020
46,93,lcuttle19,$2a$04$T1ZnWz0zNKgGb6r5SqwEoOpI4zBIO5cxrHuucIUP5yY4TJ6cEJs8u,6/13/2021
47,250,ahartford1a,$2a$04$wycU9M51gyq7XXNnqrmfoOb7snnAHzegH7uWf9sRzDdFsNleKyHZW,9/20/2024
48,637,lkretchmer1b,$2a$04$iMHfwgGHf9xuZrBG2XraLuWQJkK6EZuG5LTNjc4wj25skD/O.KlrS,7/28/2022
49,631,jkayley1c,$2a$04$QhWG6N5E2PdV5nGVvOkmqO1tZfP27oL01fYE/ZPxvC3jGxr/Lwb0.,8/9/2024
50,995,kmacsharry1d,$2a$04$dad98vwRLT3Lb/29GwybR.BZA/cemVVS.wiKjJ2uAp.iZinMVpmHq,7/6/2023
51,102,fablitt1e,$2a$04$Yj82K.OoyI0sZmjng1f1XOLYqw4Kdsoybpgvb2iCgA.I4d.Qczbem,8/16/2024
52,524,pseavers1f,$2a$04$KaYXy4hYIgjkKobO8aDSSuu1/96yeQqijJ8y7LgZQZ2D7kjFornBi,10/13/2022
53,831,vcourson1g,$2a$04$K2eLOIw5He8viU/0.qLLeOoJdbVjbGzvp9VWSTVghdOv.vgfnsZEO,6/28/2023
54,603,cfant1h,$2a$04$bN0LgnkgHUMRE6IQkNqHi.mAS7XRkJzFmiqKMRNSCn.5ZK.v.Mcq2,6/8/2024
55,550,agilogly1i,$2a$04$wH4061maiXMfipQ1CESOO.GyOp7y1zeAhYFBV7BNHdJOYsv2YrtQe,1/30/2022
56,781,nchrispin1j,$2a$04$56tzsqHLQKa0vLAS/rdaUOKt60XYVVw1GL3hxoIgwl8VxG3n7x3mK,3/4/2024
57,767,ehiner1k,$2a$04$U7QiJIwJEYch5VJZ4HQfRuSBBCdJ9Dz7teTW6I5wrFqLH3gioudYy,2/17/2025
58,121,hpinkett1l,$2a$04$tSmHBFJVMmwsOvP8wMJASesm1UM76IQoq3GyrnZ9xvfSGvQNjpqfy,2/27/2023
59,715,lrenn1m,$2a$04$5gBxvnR5Odb2adIyvY98xefqNsFX1sC8uWQHF3H/lwpmiGtfbFh6e,11/10/2024
60,889,gsally1n,$2a$04$M4w7DXMSHh6ixaVkWT7x5OQ945LkvDgUAkrXzd6yitJeFpvTNXWK6,5/10/2025
61,401,tswinbourne1o,$2a$04$E12D5tIc.pOPpibhLKEZQu3vMJhXGF.J7QCuXbDVh1BG2WP8iukEq,6/5/2025
62,145,bblackston1p,$2a$04$uUnDVWBzUKmYfQoHuce9G.lSbS2bdEuapy9DNkRR1XTKpoLl2lMdu,11/26/2022
63,479,srennicks1q,$2a$04$agEYkfqk.AT5fdZ.8M3agedWJmxzAWZ0CKls9VJF6OmGKVvZ74U4W,2/16/2023
64,969,ckerridge1r,$2a$04$TfEaeoapYtReCtWiAl1BZu82PN82BIw9H/W6sz/FuJJ2gtOpmGdk2,1/2/2023
65,67,ccaccavella1s,$2a$04$goIA/Z5gy650BmBxHPntDeQDnrw.q/UWViFYSAbSvTrQKvcOf08ba,3/8/2025
66,744,lgasson1t,$2a$04$wl1/yGnBiudQicUipwhYnetGq15hWtzSHr56LzYga/dlg0kHD6yH2,8/31/2023
67,279,npound1u,$2a$04$wHEPUYWyE1C0ZYmvHU25cOZUKJ8CFFAtOrPUjeuonGVFcIRE62go2,8/4/2024
68,271,cgumbley1v,$2a$04$VwnaeGmMZxvp7hUCGfjPWulpNJOTq/WXrCbN0EonClcDSaq7GhXWO,9/27/2022
69,329,awinney1w,$2a$04$mldO0fEsr7l7FvCJs15W5.BXxtlddepIzfxXFSRyYq7uTFfEDhV3W,11/23/2024
70,199,dmeyrick1x,$2a$04$p/LZka1XeytmuLMlpuV2K.dZ0r9QmrTqPvK6g3eiK8NbnRM8zxp9q,1/5/2023
71,300,sstroton1y,$2a$04$CFvHiTC6v5/S2sRZp8jFCOfLoCtykgQ/vZEmd5o6HwkF1q91sGxLy,5/3/2023
72,718,mdmtrovic1z,$2a$04$7UwXALaBWuqVSWK4Lpksl..LssVgv8u4fGxSkB3DX6ZCCyDSbNE.O,11/12/2024
73,754,hcharrington20,$2a$04$8CtY0jjCQW2azGpA/u685umEAb9IbXNK9JLfG1mwmXaOhyum0IVAa,12/14/2023
74,232,irootes21,$2a$04$vo4.MLTXBZhNxmwefqPoIufDcOUw/4ealjUy2MvUusau0piisRTf2,3/23/2024
75,599,ocreasey22,$2a$04$vhkgnws0hBRFGltLskk.weEVbz8vDh8JUJqxgJSOXe.QiS3HAI5ge,11/17/2025
76,225,ctingly23,$2a$04$sO7bgfRH6vyYkdqMAa1YLOjB1K.pnV8WA.2.oGW94MvqNjIXvSm6W,4/25/2024
77,367,npedri24,$2a$04$/UrKKblCxXrS04Vgsq4Zx.enXvlpR9a9udhYFSPLMadzHg6AP1sze,12/2/2022
78,854,iclement25,$2a$04$Ryw9bbp21WG14tS1E2QWb.lsHPSHEDZte3jNr2hFwz/bQtebmORFi,8/18/2023
79,869,acritchell26,$2a$04$P5D9mM0ji7I9AYm.NBA1dOmvOdvVKdxU1Hye1V2w6DzhZx4zi/yp.,11/19/2021
80,153,gsammes27,$2a$04$7T0zeo768ccnv6M8Ww4U1.XnMd.AfxuD1SRpXhMQ0xRcQAdcrMjTG,2/15/2023
81,613,hmallam28,$2a$04$L0ucbq6QHH3i19fo/Z42S.9Tfg.5RKwS27qAHtNd1Zmw.eMA1u3zG,8/23/2023
82,117,krobley29,$2a$04$95hCmeA9w5p8i5pDWbCI/ezKLjsAvmTs.h4HnC2AmuEBh0ARC6qS6,5/18/2025
83,387,waudritt2a,$2a$04$OShe7JfP9CD9bGkt2IRiQeAS8a.YNcZGhqBY8NxHHQ905gN6DR/pu,7/12/2020
84,175,rvandenhoff2b,$2a$04$gm93TA/ozNytq4REJnJqgONDK6sXzqbmwqrikpqJv4QeyDAvKD21y,2/2/2023
85,992,charnell2c,$2a$04$JKdWz0dB2/KvGwAP3aif3.64AponVRGR8FyMSSVFzvqf8llASXv1S,8/9/2021
86,185,hdumbar2d,$2a$04$qyBweT8kXROQPzpOsMIhSu1JIrqMcLvZA1J1VEfBt.knYjoq3ISd.,10/9/2023
87,227,rphifer2e,$2a$04$rRufMz.LxdqsBMGVZc7QsuNRk.Y0.PjxI0xl/yhY6yOSrlqslglNa,7/22/2024
88,154,sdelcastello2f,$2a$04$dAIvzvpHqYN9lHWtX6j0reCiz2Q9iSWy45fSbCSBYQmfWR1Zq2hp6,10/11/2020
89,243,jbubear2g,$2a$04$f0CMeEsRyLd8lthbfe3.Ju7ta0Fmc2XDx.uK4zcAKSZG7t2lf4mjy,5/25/2020
90,879,bruselin2h,$2a$04$qco5A4l2ulQ/mYWnfrwybOE0bJiM2L4ZccnllbMkOGOaGc0GGGuQG,7/1/2024
91,3,cnorsworthy2i,$2a$04$h1U/h6yg25NvVXH.fC79yemwCpRG5lekOwgNyCSYmwfJbQ7udDdo.,8/4/2021
92,531,gmeriet2j,$2a$04$h7yCGOEvsVqgbnhbYp4zyeinuq8JcLDZejw3Z0uB06Cw6j0nMaNP6,8/16/2020
93,15,hkik2k,$2a$04$HDHpkO/JcI2AKN2VckzXgedWR35qggPAd5TMzQIvsrJJXwLvI3PT6,10/14/2023
94,260,ofominov2l,$2a$04$iCfhyWQiIkEklf2KscywSencSjc8iyHl860XS7ARNKLB70ifzuYCS,10/1/2024
95,694,rbru2m,$2a$04$4TP4f5YEPp1m0xClr3tEQe3RS5va6XoBlcaUNVkUAbniwDHOHh782,1/3/2024
96,754,jbreagan2n,$2a$04$Mh7y6khNbnUPSRowWOkSHO8cPsjHZnCHtgSCSNh8lb9PaYnB6RLI6,7/15/2024
97,987,asea2o,$2a$04$51hCXLAUlL7PKKKBS6KjFeDAY6LduYKAqcj3/Rt6YgRGBKF5cS3jO,1/1/2025
98,266,djeskin2p,$2a$04$9iwq1P6rFTWqz7BIa5hDUeYupInd76meBWzzoC.faoAatMjWDPHsO,1/2/2021
99,866,mlutzmann2q,$2a$04$7ZSl8QH2kXJ9SNihxdiAoeK5EspnTIT3J7UIvL.3g3bTnSbVEmc1G,7/30/2022
100,159,ccokely2r,$2a$04$gCKajy5mYzdmPAy.l1i81OlQ5Q0mumb2d20vJxUZElxR2p01wvDi6,6/4/2020
101,600,mlube2s,$2a$04$YBQlcjRYgMtsO8eoG3YTvuhqvpqRFxwxx/Nhmg3/0VW10WVW3oW62,7/9/2022
102,546,mridpath2t,$2a$04$XvfOQw8v3bd0NdkY2NNVI.7LEmWUJUHMA44xGJGup0j/eKqrjo2zO,3/23/2021
103,977,bcarnaman2u,$2a$04$zyUG8woxb16Szj0wzhJEpu7HCBvp9Xto3ZUbPxVh8R/ZfP36u1Uy.,4/23/2024
104,68,mburl2v,$2a$04$qahmGwxY7aRCZBYkSo12POUBjrg2NOvYFNXjFC9R40sbfkka6VbJO,10/5/2024
105,629,erheam2w,$2a$04$qxr6/27pFPnfGG4Xct3MWuZbkdhWZE6GTVaw6s7mzdM.g7Bdw2UN2,3/15/2024
106,152,gmartensen2x,$2a$04$3CFmIMaKgLk0mbwfRarPbOpS94Qt9o4ERHFeWnLNN/Ey10bnS3Goq,5/20/2021
107,157,coverstone2y,$2a$04$VbYwBQBJOlClCBksPYVHpOMgvwyeGcxJx6yTt.MRSU5wc8P7fO/R6,6/7/2023
108,259,sostrich2z,$2a$04$RSMRWF9R82cLi9z/mTaJWOwta82om4B6QfUjino2M4dwKM7klBCS.,5/5/2021
109,249,lhayford30,$2a$04$xTW3xynpZ4UW1E4yXB/IyuIq8cGIBqZoiKureT2D9KkICktNIsKpC,2/4/2025
110,351,cmelanaphy31,$2a$04$8aD71WZ.QHP0Xy2b1Wl3Fuu8FbuCtmL0Fuuepn7Lb3KU7fV.92Dtu,12/10/2022
111,112,rseear32,$2a$04$dmjTommPshi4AY7uFcVgTeWvaqkyxgmd6Z5lR.XVdbqfy6bcj1Ehm,4/27/2022
112,294,sbrumham33,$2a$04$FVap0PK6eVYV01bfQr7Tt.lF2iMkHlJm/.CBFEAxpkjfd3VETnIfi,8/24/2024
113,123,tmathey34,$2a$04$DouJqjSgW88EyPKtBscdkeMxENWjurq2492r03NBKYvPPXg5dhR.W,2/4/2023
114,17,rfairlam35,$2a$04$Z8wUqJt5NMXq7drNCAig5eCsY8PFaJVVAS/teo8WiseoEHgz1s/S6,11/14/2020
115,844,asquibe36,$2a$04$qOdOZSXej88r2o.nBKE0CuRaXVnfOF8tzSGj384SCEOdOad3yOMgi,4/5/2020
116,876,bsmiz37,$2a$04$vn30HwS7W1COYQtPDAtkZO0bx02fphcFJ00JGOUqPzkYW7YxDx4hG,1/30/2020
117,294,abryning38,$2a$04$8FTVwIjpdLUqrk/IpM.m8O9G5zollrEYLPgr5Yu.td4JvQ17J.JW2,8/25/2025
118,981,cstapells39,$2a$04$0zTLUk.Cn2sBmkpNRt3L7e8xSHxv/Z3mHcTQuacdVLxg5tVVF.hxS,5/2/2020
119,681,mfurmenger3a,$2a$04$b0kxAPfA8a47QlHGgYfVEum0N.pFZH8.7xOdSPrVY0zeJ1QvM0UBS,4/30/2025
120,592,anewberry3b,$2a$04$B7iVxlz6fuE/YBjeivBjBubZbQPxbKk4qXLh72FF4/DjDaY7J6QBO,5/16/2025
121,883,sheald3c,$2a$04$myFxSvcp.JuIIISTxgTdCuR2G0mN8ZV.dI8rP2dGJ8UAroqzTNUxq,9/26/2021
122,778,rcoo3d,$2a$04$gkhuKHUOYMYCmKOyEkaRlu/hqJLBHXGO/pU3hR7M8IoFdjOmYhDdG,5/27/2021
123,40,lhuyhton3e,$2a$04$eKOp3jP34/gZZ4.uv4byWeyJezbDDINFKq0n0mUHuRCxvVGKk.w6q,11/2/2021
124,913,amcclary3f,$2a$04$JjLdGpivTkiHhwArsLRS/ubk2FBnKTTPwXvkrf8ccSVnNzRk6NV7W,10/8/2025
125,349,tchillingworth3g,$2a$04$A6HI9p2sWCRjYZyo0u0jXuOn0RfQIZcqMEQ3l.6ND/xgcgXnDGZ4m,7/15/2020
126,908,harkow3h,$2a$04$ZkUf37OYS1J1tR4DkjQwG.jmi6cEzuh75EQJZTZvsVOLmnwanA8iK,2/6/2023
127,140,rsimco3i,$2a$04$/NIi9ze8BtVghLxkyjZaxOzUZgZcDjIWYEUSimwBGTtEJEtmJgeHW,9/2/2022
128,250,noscanlon3j,$2a$04$iNP.mAoRaKelxa0cyra2Mum6Y0iTv/HD4SUN8pNw5CKYfxAZdnIsS,8/30/2022
129,365,ilewinton3k,$2a$04$nLdsg2aA/rLChlAgUHCmY.ZkdiAuhiJTEN0KaKGVsK/.4Wqoya4hC,11/4/2024
130,530,bswitsur3l,$2a$04$JbFYclbdUVx3.dcdKHEFleDUFO1HVE2PsHqgoHrLNDYzdA.vfAWaq,7/18/2025
131,264,isiggers3m,$2a$04$rkWXbRjbUYfL3zrW4T/nvOdfSkychYMlYy32ojBy8bbMf1Wz/HAuq,7/7/2021
132,847,lvasovic3n,$2a$04$41kM0LKvQGpU6loSFHnMweMtX2n1Ga4ySbI3irW4p20gOgR4/iig2,1/24/2024
133,769,vparks3o,$2a$04$dkvMFMrXHnDuCoTLYsUelOQgQSSHYuNLnIyODorYVZeV8hx2o3S9m,6/17/2023
134,43,bbrunnstein3p,$2a$04$P43D1Xhj0ZIjKIj1dZzj4eKee7CcYHzGu0r1vkWHLVcAnFmtS9h3.,6/9/2022
135,585,jjotham3q,$2a$04$AuoBqGbQTkT1w/gOTKqms.p9b0TzjqOPnrIMtvB371dZ1Dh5kwGKG,1/15/2020
136,998,mivakhin3r,$2a$04$YWXxeL3k3z/ShO/Q3XW.uOT8MLmHabM9jd.7H6f7hJgX5Vor6TO1y,10/26/2022
137,130,wworrell3s,$2a$04$7nS9R1r7lffFR.cHW7jtFePWqRVsHTgkNHitR6mNWFcxLUAcoRvOK,10/2/2021
138,140,tgleeson3t,$2a$04$olXNBRhJC7rGb/05ePmIvutZEOncZjkro.H7gc2YMBSBB7MXv3AyC,7/19/2025
139,415,avasilischev3u,$2a$04$k2kAehLasU5Mq/KSl854MeMh.99fKuPwtPU/C0uTWRtL5Cu0WwZy.,5/18/2021
140,940,thulland3v,$2a$04$d6JmemfvYBz9JA3QiTz7Xecoigoc2gmMaqbwhxlDcn1fqYOSP4r.i,7/7/2022
141,402,twheelton3w,$2a$04$eSgl2ipEzeEiFGISHeWySufmJcsecTjNw4Rp2xyZdeIgex2CCjryu,11/20/2023
142,937,eboykett3x,$2a$04$fMrghNLoDp7kYwqwUDKKBuoBMzwcfRpVpuGHZr/tAnrTaye/ziyfm,9/18/2025
143,147,eolland3y,$2a$04$cdy5kIDF3vTKB4ACxOVT7uhSLyM/AgNuD9B1VgvfkDGeQ2tZbQyrW,3/1/2023
144,90,treddick3z,$2a$04$XP/BQHPGWWxBxR22QjBU7uYPGPtxNOC6AjOfmBJC2r4ICT59BX5Pi,10/16/2025
145,82,lspringtorp40,$2a$04$Nto3Ndm.E9LWc0F3AvLM8eVYJXF0P4/YuMVJRBtT1vVZUaDR6hVuK,9/7/2021
146,832,kbranch41,$2a$04$UtV/RvPknuEjU.TNbFv5uOBKW0SE.7QVMGMHuJcKmB3JnBjjZ5/8y,12/7/2025
147,890,mleupold42,$2a$04$hGkuHmX6D1EMixiVkFp7qeGJWckLMLvst6PcJSCGH/.HEPOJTdtim,6/20/2022
148,879,mindgs43,$2a$04$AXRKo9M42G.zItUunsU3qOEsV5dFC27sZ3GVXsk/pfF1VzAjx1OL.,7/4/2022
149,426,cclulee44,$2a$04$IsoiGfH/iY5waD6pPBrQNOAF/AULCh20zyykko.uFSJAF1rxs95La,8/25/2023
150,98,mspinello45,$2a$04$wf0ohbPRjZ9dXpSsqZ3Riu0mDTseUUIrJlgIEwyGu09SPt7jQ21R.,2/6/2024
151,666,tkynman46,$2a$04$YVvooCPgtShIl30cVrmZDOJJS5yMzjHNCzipMu/.UkkrfJS2ANqkK,11/27/2023
152,366,gewdale47,$2a$04$gCLpqFUSj0Yk5skNUw2pCuADcWqyHjBGTloejmAk5yh9HNdGd1JYC,6/17/2021
153,538,kclericoates48,$2a$04$DNNIPqIESOEV0ZO/CKwqGel9liIiHpMle4.yPDSz4foQNgPcqK76.,11/26/2021
154,970,pdrover49,$2a$04$7agkvlYfzwp078v6UUKs8eBOrO2aWBRHXdgw9W3l71EUEWHSZJ8PC,8/28/2024
155,670,wcharlson4a,$2a$04$/utgq6nLOOdBF72aHhBC6eipjjN10ZUUIe2p88y4wI.m3wfASB0rG,12/6/2021
156,637,enickoll4b,$2a$04$1SmDH9u05/ZY2heDuJF25eVVm7jdKOHuXdV88sXC/QWeq/GLqTdnC,2/14/2023
157,431,kspindler4c,$2a$04$iL3DOXSntC6snDIzQ7i/7OQW1J0SuRhqJrB40ujv/lqAEBEt9cjJ.,12/7/2022
158,919,ryannoni4d,$2a$04$EKuO45D7jV4mUDSqNsWRzOM7EOd6p4XvN05DsnHPmpllfx7HEynRe,12/9/2024
159,267,cmcmonies4e,$2a$04$dHBQ03wVoSdAj38TW0DIx.M5odRPEGycih2MpS/Nezj4fsCmtqh4m,6/1/2025
160,663,sbarrs4f,$2a$04$e8sO7W0WTNGfUjS.RyIsEehTcmXg85QQJpjgs.rWhNLKwUsP5apli,5/28/2024
161,827,nmaydway4g,$2a$04$eG6Y3eblEMdhUvgtjXiflOK7hCnnka6bYnUV8TiQcE9jyAq5ctwfC,6/20/2022
162,511,jsemper4h,$2a$04$oDqp6i19UGQ0P6fVaaSxR.71.NoUdDG6FKLNpbPwBi7sGPEJZy5fe,4/10/2020
163,171,pmillar4i,$2a$04$vXzKV7.nflRhc36TV83o4uYKwtH3PYRR/vHgXiXHtZHP2EQZ6X2aS,3/1/2021
164,488,aabrashkin4j,$2a$04$f9bBmZ930z/2NtK/3WRls.IaL1nASxGCHMy/K.86P/.5SGqKhWONy,8/16/2023
165,808,sgilardoni4k,$2a$04$ZnhNIP80vk3I/OKrWt5EMec1vLPAOX4GbLhhSmnvZgPqT70YuAsmq,7/3/2021
166,351,namburgy4l,$2a$04$ol96/Z3R7KH54nIvTWX0M.GlP5q0HxAHXYynFpoOY3Lr8Nc2chzYO,7/1/2022
167,645,dbeswick4m,$2a$04$0ZUuVQ.aEUl7I0s0cqkJ2eoGkwigvPYtah3sSlr2Mx7ABOgO8tYFq,7/10/2023
168,627,hsevior4n,$2a$04$Y6G454HWdB8H8Vo3FfiZzeizZHU5PjzxMzP3NkzltvcsU2C8OFHI.,1/1/2020
169,103,slanglois4o,$2a$04$I7eIABs6cNWrTYHd7aRIt.i6znBDqb98eonG5RykobG2pHk8MUOoK,4/27/2022
170,599,ehannay4p,$2a$04$WXWkCkOLIbEoD.OzJ5h7HuCmLZS062I0zp80kjHzyccGkhDZImi2q,1/19/2022
171,70,lperelli4q,$2a$04$tniAGpO83ruj2eomOXtfGehPZyFVCpEeFQ/iMcioGH2pWlTV07vA2,4/5/2024
172,386,acicetti4r,$2a$04$ERDKQNLutUDPdNbAVOh0AeAZaNIzYGgeu3w7b9ENYo7PGm4HgebCS,7/31/2023
173,507,bbirkinshaw4s,$2a$04$Ft.psBNvXt4Z8s/78ea8r.Y58/AEcY6qqH6xAmcPuXhxiztBPHBta,1/5/2024
174,483,rdirr4t,$2a$04$ccvtSF4xs/Uct3pIXx4IM.53Qg68pUOGRW8HsQgTlc5pbQvo2BJOC,7/12/2020
175,794,rnolli4u,$2a$04$cNBSN4NM9Kk5bqjX/eyjrO6UHJXKyQ6sYdgauNEDjVYj2iN8k8RFG,1/14/2020
176,394,bekless4v,$2a$04$rJRgUKxCI6uH5KqkRIrRyuk.56W7LaR5ZAI5Uridt5Y4xCzAd.gSm,2/3/2025
177,831,tcarlisi4w,$2a$04$oSsQ1cKahYU88hq026QcreGFb6qXOLhkfnSS4lyt.hbq34rViaAt2,7/27/2020
178,329,hpatzelt4x,$2a$04$mPaUq3VHu6.s/z.0X7.b5e/xfKmzgAL6QVIKaDbtHYKKCjIdxoRHi,12/16/2023
179,401,wargontt4y,$2a$04$wtde1VblNZjZMLKR.AlmhORJLegYGJbleDD344p//sDkgMyaQwUaK,11/6/2020
180,607,vblankett4z,$2a$04$V8kewl2NQB2Uabm8uVrIjOB85DPCXHZ/V1azwEpbvhb3.yP7E58lK,2/26/2020
181,8,lfreund50,$2a$04$IjiliN0M279.ezB4rWGiLeGCzAoMDzgWxmr/q3WGACc5wO/LBfjk6,12/14/2023
182,142,fvezey51,$2a$04$QbGUwM/YjznkbeWaVlOw9efbLmRifmQ9dl2wiTMwsZ7kFcag7WK1a,8/29/2024
183,80,wteale52,$2a$04$Y.zoO/jcySCUoSJMaSirBeJkkoOmabOJ2B4kGIXMk9nR9USX.bAYK,6/17/2022
184,822,nwinterscale53,$2a$04$4oS5Fk7drAlsZ9gn5BZmUeZa36b/lSo.pAhMHyJlVIDlJB0kWpMc2,2/29/2024
185,177,krender54,$2a$04$HZGAybMPmUItbwZTDNgEQujz.GmzTXLJQql0dCnU/XX94HoVaYA0S,8/10/2023
186,519,akewley55,$2a$04$pXqO1OwXcYRkH2SeAZ8gee5l4q9HlSyKgFwQ.EbmbGZUan9oOHHLW,9/30/2023
187,760,askellern56,$2a$04$A2rc.AG7KXPbDX7cweX9zuo.Afn6HoFEFeX427LKQPFXSgIaN52g2,3/23/2023
188,119,awallentin57,$2a$04$uLCR5pRndF9VfC.akvG2ouduPJuW9jJh/wN.tDBZLi5iXZJM6V0fW,2/3/2022
189,857,wflounders58,$2a$04$Kk4EuohsLBFRfBnydz0n3.0uLWcrwJwpkFExSEVRPH1dvcA6W6bc6,10/11/2023
190,192,ckeston59,$2a$04$ClgSqZj7ZIJt8eGt.h8guO49WrdxAC7fomZMUru0nR4ok0seYv16S,2/15/2025
191,326,tsummerfield5a,$2a$04$OmjueVe87ppVKV2viB6C2OYu97qEUhH7qMS1E0SZ1boQWudtEr6K6,8/3/2020
192,760,ncapsey5b,$2a$04$TX.jqJ7kan7h33jJ5UCvluBWte8YI3eMsjJWOq2QR6WuUCwF4sHMi,10/4/2020
193,135,dhalfacree5c,$2a$04$UK4NgYKvphAr8kTKnpAPDeBr7LtNU6WeUVF7SU.KJ6PnI3J66lyoO,3/16/2024
194,960,ekrishtopaittis5d,$2a$04$pO0/0CAvMNT7rvu0WFFJsut.38RQ4aHqMcr.3AKNa8chi.vbmHiZG,11/7/2024
195,550,rheeley5e,$2a$04$Q45Mc9IdnNAaJp3thAW3Y.4ECjOB1dt6mALtAmXhL0bKKjKxnv1VG,1/25/2023
196,891,fpovlsen5f,$2a$04$Rw3SWbx1FRehMCOpgMv/OO0pbp.pKCC2BSIUIFzsqhQIEvcekMe9y,10/14/2023
197,769,ffairhall5g,$2a$04$IATNsb3AaHBLZT4m.WQcIeEGRZx.BHZLHgMjl1vN4GN6qXdGgISjS,12/12/2025
198,997,mbembridge5h,$2a$04$t2uTT8MAYCrdVSQKuHG9i.04czGLo2DXHfyCgETVP6dwoWl.VQy.u,5/16/2021
199,953,inono5i,$2a$04$oqRVicfMfz/oDsZT6inuuOaOKllGQ/lyyCto1aZPgrPDtscQZpRQW,5/14/2024
200,655,showles5j,$2a$04$arGPmoULxuzhHE93zpMRrewLHdpqqfhwEBrRAUs19A.H.F6vhZ0TC,10/6/2021
201,682,sannis5k,$2a$04$HT9Xw0T4gO6sW1iwUT2JZe2Re2o/j7KRwB43FoSndV8UD..5lg5ba,3/5/2021
202,256,kmattock5l,$2a$04$81sbcKGhyzbNuUc1P3aU1OqopsvwQxiRT/4V/j.E33SSTW3vY3tOG,1/1/2024
203,541,nharmstone5m,$2a$04$rhVDHdWJWkAkD0w8RkefYuJUgFu8jal4VSbzLtyE7IFVDCzIwctFW,12/11/2021
204,531,zpringle5n,$2a$04$G0O6WjOm9uiMk/om3p5G1./65KP3n0IlpNYIXLXQcRj1Iri44mw8u,9/25/2020
205,259,pjosovitz5o,$2a$04$lkXM2ZvrmaLsr3beOx7iUuZKXXXix3ZrJkqjlVKbbpCzASiIyWLfa,12/13/2022
206,361,bmcgarrity5p,$2a$04$Fpd1.5L7q1X0woM0EpeZ2.XI05EAS2KMtdoYhKMOMQBbbpQdKewtK,2/20/2021
207,127,sfoyston5q,$2a$04$VQgxU0bfNvk4ao1.GQynXe.4KKyk.l9fOry8oZ.OdtkJFs0SzVDvq,6/6/2021
208,169,vmaykin5r,$2a$04$YyewNpfIGP4VaeTEKKJ84Oi5lDT0Tjp5ssJZjlcbw/lmksUNuRFxi,8/27/2024
209,700,scolbrun5s,$2a$04$IDIWxfx09pJMqVeovooysu7aMvJHwSBQ7Kwm031gF6FUzwa3uuNRa,6/25/2023
210,730,etomasini5t,$2a$04$Kn8EJmWhuZ1ehjkpbosrA./ACwjLmEvHhrZfPJDSMZV/gaQSxoRJu,8/28/2024
211,536,rburg5u,$2a$04$oiMz0z2n7qLDYghmsgJ4ue6PuS1wV/ZI3W8Xk8AzcbTMaLaBEryjW,11/26/2024
212,772,drawood5v,$2a$04$uyrRJaeR/RZVhFQ/gftEweUlMTZ.xmeJg94xklLc5TMm6cx9imqgG,11/3/2025
213,557,hmcgilroy5w,$2a$04$bIUd.QZhc9/mQES9oTTb4uNoZgE81pyVW8QMQ5toR702oP1gdQole,1/21/2024
214,591,vshimwall5x,$2a$04$lPqd1xwH6y/sJepL3O6FOuIGET/fGobn/LTUaPfVaSVOql7zYbPTa,10/4/2024
215,198,powbrick5y,$2a$04$mu1RZXvpaJc4d6Gwb6CopecTZtf/dJ5N1JnhpuWDp6nKp7Z.PVfdu,6/16/2021
216,359,cleggett5z,$2a$04$ASYY6TSRzielw.7nKqcwM.Ggx9LZs3rwr0p6dS6uoXHz.Pz4rZ1bC,3/8/2023
217,108,xguiver60,$2a$04$cqXOQoV5kwWEf.Kf1w2ekux6eVbDBd49WP.PDaz.BM2nYne2LNXqu,2/13/2022
218,902,fthroughton61,$2a$04$chMfjwu.kxDBvPItRkrmQ.IAAKBG3pHYbwvNNgTnJwjj.rO9Hmp/S,1/30/2020
219,951,esymers62,$2a$04$tOR12OLBcSFomBxz7zFFOuV/ymg.CXEv7PmKvy9wTHPy6wb6ar44e,6/18/2020
220,37,ahildrew63,$2a$04$O3E1SI61peAQJ.R/Rjyv8eBcgmj.AtGP3w.drbVnXqYwRhuJSWt8S,7/28/2023
221,109,lmacgiany64,$2a$04$C9xoM4MW.9JEDkx2lDnEw.2sHQfWonPsYviMlfWtn5azVPS4WXR6y,9/13/2022
222,601,ctimpany65,$2a$04$x.vDb7wP0ek4pK6GyN8S6ufgVKTW4Ggj6mKtow9.aErD9NvOme2T6,12/21/2023
223,838,adadda66,$2a$04$mzPEtQQRk7eXIhmp77Q3Eel3EaLTAjAwfAz3TO2xsgCr1M6K.eDxa,10/22/2021
224,208,vcomizzoli67,$2a$04$uPDxTo0rcXE2rnm9SVa0GudzOvpAjLZectK6ugj1gkEuvIq0SU02q,9/30/2022
225,991,pcarmont68,$2a$04$MQnGpO8y.f8N5QeK9sL31eHg.jvBhgj3fdmlTDq6GFt1Fl.fIQEqa,10/10/2022
226,559,marmer69,$2a$04$JxJ.en7haIw0VULc8w3WJOeeFHOtdxMttLThtNf/WPG8Hv4wJlDha,12/20/2025
227,184,skrolik6a,$2a$04$XztNk/EPihfVthYKQAQP5.VAkZU46sCnuCprXKmXhpFUKOuxGrh5e,12/15/2020
228,736,bcuthbert6b,$2a$04$QmpiGUOXyRyeiS4i5knfae2MzvOEKB5y20a4cj3ZsYBhSEMc7gDkK,11/7/2023
229,282,mambrosoni6c,$2a$04$F/5854cqmPpUgWjW1g5oD.I.JTztAfCcmZBWyVqNV10lytU6QyVZe,4/24/2025
230,154,rmaxwale6d,$2a$04$w0t3fiQL1WQTWr.74kR9d.n90lXqMhxJOdqqqxGW.Rqj3zOu901dq,2/14/2024
231,197,hdodimead6e,$2a$04$WMHNAMXVxw8t5S6ALrspR.VlvgCykA7wiUiprekSsMNyxRMBa8Tcm,4/16/2023
232,637,maspinal6f,$2a$04$aVqOcY83tTAQAM.NAMN2X.o5euec4lHF7OxPSSe50CVhtj2BAsLYe,3/17/2025
233,879,ckennagh6g,$2a$04$eLcrIJ/9P26JFgqMK261Kuo5/k.yVhYjrTf8mT8Qr3zu3nSrtjKnS,11/16/2024
234,694,pdockree6h,$2a$04$ONmSaWUQO6rfLNnVUJ0KReeMogY557CjzvQlSC5599ecu0WC7pQAu,11/5/2021
235,13,sgatchell6i,$2a$04$1sCFbojQXonb8zaQf.yDSeTo0KTAxBzfW.QoZKhlJJWMvpHveS90e,5/25/2024
236,38,rrospars6j,$2a$04$bKnRMkenvisce5K7zqSNwO50201/G5eZbTlU/uZbHqvNTEFjlbDD2,11/30/2020
237,26,icohalan6k,$2a$04$DOxSRqcobKDKQewn1oQdJepTDgz9PnqKlhtn6C7F6xkblVbcgbKtO,10/23/2020
238,653,kupex6l,$2a$04$4GAqPbhmg1YrVawSoxalG.ZvJ4ad4nfRvWkOfXFcLyPaNMUNVqJHy,5/23/2020
239,930,ajachimczak6m,$2a$04$.1HOM02La3Mq5jMj5JhL.eG95bzpm2ShOi9uN6duYAmCP/dxwv2ri,5/12/2024
240,87,omcgriffin6n,$2a$04$3QweB2kyaSikxsVmy9OGHOlG4MTkNzEz2sDXLxlHo4E4iepU5ymsO,6/16/2021
241,443,slilford6o,$2a$04$94BPEFw0XxIYZC776UzejOBuLfdR9FR7X2fldeItsAGllomoUX91q,4/16/2023
242,956,ldragonette6p,$2a$04$rlHZBA4bgm8pUrbyLLT.6OVBFwQs7frJzotDEQyqMYT8hf1aqXlsS,9/25/2022
243,582,cholleran6q,$2a$04$M4sss6Se.MJp7jcmnj2Lm.NCJ5Y8lFiVDFOlnCMeLpz7mf/v11yg2,3/5/2025
244,437,mboughen6r,$2a$04$VzpS9N2O8iF8h9uPOckIIuV.LrTKlD3fIpM0i0aiDINp8p8HnvIIi,9/21/2021
245,89,tschlag6s,$2a$04$ODY1GmO0gZgS4M3di9F9deTtRPYTVQDm/ptW43HsGhCaEQAIvH/dm,8/24/2023
246,126,mjuarez6t,$2a$04$qJfmP6Soj4SEzW5zIoNiLugXXwPtQ0DOmkhC2XU3vVfs5d8DvU3Cy,6/27/2022
247,487,kzuenelli6u,$2a$04$Aq4dXEAcoxFa4URLj0WfS.pxk61SmrjFVZJ0TgS0olOB74D/ULR4y,8/2/2024
248,106,dwhatsize6v,$2a$04$bluanFUbwuBy5/isaLn.Vulm48QU8yx6TSXTJgnHYIrgqGiw9o4Km,3/6/2020
249,29,bkirk6w,$2a$04$jYvHRMKF.iRrSkscrEvHBOmn9F1QXkAFFj5qRckVIfD.trFyDdPhi,8/31/2022
250,839,aduding6x,$2a$04$3T2cRoSM1WWTTUSDSPmjq.ZnErCJZry0HH198rzBqLRjI4e1FS6w.,8/5/2020
251,901,yrye6y,$2a$04$vFZqB5LpwVBaxzL7qQSubOEz4FfGYaRjSUPbOGmibnqtsg5DK0O9m,7/7/2022
252,342,mraimbauld6z,$2a$04$GPYRsgFKRIrbgG8FnejCzOhhCYAEpYynAJiLWhUZsV1canIu6j3ua,6/29/2021
253,397,wianno70,$2a$04$cM9JXfwuKfwRRuT8T7DFaecZsiDdVKfb5GjWTqjE/rMs.GtVlN9aK,10/19/2021
254,68,clovel71,$2a$04$r09A1z/9xaL3.067FnxRqOJ83RhtPovRZ4QcfZnV3ESMdq4vfhzPm,2/19/2022
255,657,bjellybrand72,$2a$04$8W/6a4J4Ls4WH.Qs0.r2Lef/ZQdDhplrMDYLmCABnBAdA3z7nt74i,9/23/2023
256,36,mschwartz73,$2a$04$2UbJ0Y99thCg9iVOCp2iBu.fqOkhgeVf4s4fUmIt0AKuaVhg0Jumi,2/13/2025
257,586,lupshall74,$2a$04$bN0bluxyeSHRslvg88TVKuGWm.v9BOauDDU6yBaIl1AGk.jNpVZcO,6/20/2021
258,787,ascutcheon75,$2a$04$st2qsY1sH/vsFJ2qW9yhEOTkBdGwshhr2yvHpuJOebEEzfQzNc6Da,5/5/2024
259,317,eferber76,$2a$04$F9DTETyxAnYn8Js1.V1Jb.0ghnfCh36xWFlUmwwF0fIMFf9NK3Noq,12/6/2022
260,906,jcornforth77,$2a$04$ZqcI3uawcffuZAoQYN9ituhLx3qexbfHQzHuuPcT7CQdnbZ60v/ly,6/23/2025
261,899,ikelledy78,$2a$04$rk9HIc3y3Twm0JpD/y1sN.Ri8ZaYTww8yoaW7bnX7/yR24TWKz.Iu,2/5/2025
262,630,bnissle79,$2a$04$ZnH/lBOz9g.2RY.zfbzzDu401lG96OeWMWLHy7VHMBJzKVDv6ZUwO,10/6/2021
263,29,abouller7a,$2a$04$cVK3UeHi4Rsg.gamox2geO.t38dV/qCvv1MCOgl0RsClx4HUPi2SG,5/14/2025
264,445,amutlow7b,$2a$04$xAoi4aFynU3YT/4fn/mCH.ENlVxIFxB1RE5BN6gERNzCV72FzYAKa,2/4/2025
265,964,jdietzler7c,$2a$04$ZYYNo.vj9/UkLXEQIH.J8eCfFOJEnKOTUBlfHFr.le5/BQMoESkHC,9/9/2023
266,706,weller7d,$2a$04$0uSeKn2oxtO.dFovrafZ/OtPdowdsreU3O6vID45dZeO/x0coKSFG,3/12/2020
267,844,cconboy7e,$2a$04$3iIQtuNyLplKlB4B/1S9/OTGmeRhg8TTVDsXVV6NhmQ5UjmEd5HFm,10/26/2025
268,873,mabramof7f,$2a$04$lRlQxU9t6BYkWEp8IYuN0uupCQpphOSDqxuk/Ff016GcQfwjtNsvm,11/19/2020
269,415,jholtom7g,$2a$04$FLGUl3ptYScFz0qgp81ZvOox.Y.ucpJchNY54R831bItgfP4qj7Au,9/6/2021
270,137,mmalam7h,$2a$04$wkgD17/yTOo8aiSCttjWF.xeYxdkJtjHPMThMw2mRzrDQmL3kPys.,7/26/2024
271,377,dspores7i,$2a$04$.boOff7uj6sY2bp4WxjP0erhyYckjIgX4jhIUDJeR.5vOUYsSAzOa,2/11/2025
272,929,chuckett7j,$2a$04$VkU3DC2ht.OwEFL9eVyih.yZ4tKVzWMwOqUxvjuEXkyhj5pAmgMLe,10/21/2025
273,317,bseabrocke7k,$2a$04$SR/cw1fVaYQw9LoISMJsNejsIYc7VqTNptyaaogYlOtfl15tYMkWS,12/6/2025
274,89,aandreix7l,$2a$04$Usf08XIW/fXcCy3z.zfi4etHc54YVyC3tTuAmzXLXjUWRXS7vcvSK,7/22/2021
275,633,cbillion7m,$2a$04$elE6C38oT/94wwvquLQskeMVmjg5UvlBg4nfIEFP7lTWnkDGRb9Nu,11/20/2020
276,829,kmcgrail7n,$2a$04$oQQ6XgJnugpoxzAcTbbnxuor6uiRYJpUOrRlsqN74rMNydTRn000q,1/23/2022
277,851,kunderhill7o,$2a$04$GMGeGkHDkuR.CMu8fQwPhuJ1.rLhZvysvxhDMGq6VXiLNOwbqt68a,1/7/2024
278,500,rbowerman7p,$2a$04$hNaGu5ZTphQKPw9U4jTVMuxyPgFRvgZKd5.W4EJDs4CBp2QTnwjwK,10/11/2025
279,776,mcaulcutt7q,$2a$04$n.pxhnscEfiW5QMRAr4Hm.IV8b.c6uM3uyNiGuobm7yav5EWk78qi,7/12/2021
280,331,fvigietti7r,$2a$04$X1h/KlkyNQOUp.SG4.3y4uZ5J1gW0vHT.WUr5z27Pq11R6HjehPb2,11/3/2021
281,17,chaylock7s,$2a$04$gFP6X23DqsA0w4bgOhIHZumAtwOYyqwNJp4Bi88U0kZA3pEPBWZuC,9/14/2020
282,854,gdykas7t,$2a$04$NAWLGY0Mfs6JRE43MMdQtODuigUEuUw.bd9F7s7e8UNmaqPVufXeW,10/30/2024
283,892,ftwohig7u,$2a$04$5Wp/QmxFZD3dybfuKSY0S.Djzgznkvb/4L/RMkULRJX4sMWeUk0PC,11/9/2021
284,732,emahoney7v,$2a$04$cvzENh4KLS8D8qOj/21P0epS79g/vK6fdWmhzU2xHs4NUuIXeHtyq,2/2/2025
285,308,aberrisford7w,$2a$04$4mfdB.VTgfj.F5kLii2zAe/DNJGV8p6xL9wu60MjeRYp1rOFzw9GW,11/15/2025
286,160,jferres7x,$2a$04$cgzm5l0UvkBWM1hcIgSqQOlC/g1uSRwZ.YmjvThUQUiHjseTZR26u,3/24/2023
287,879,tbassingham7y,$2a$04$k2MjJNJU35DCqxm.9p3HAOPrVIKZ5me5JN7sGNHKQAO34ZlIXB2TW,11/23/2021
288,965,brushsorth7z,$2a$04$9Rbw85yvBA/skOjO9ZjaGOULOcM73Arnhpm79s1wnLaiolVppNwxm,7/6/2025
289,441,bdaintrey80,$2a$04$JNY.PvIawHOg62w9JdQSwuYfkaovRMkhLR94zqXQWzMWr53yPjU4C,8/28/2022
290,372,tkeasy81,$2a$04$vA6lwVef.UK28MdG7y//weh3Rs9mrF6O7gpQQkbBafcu0w7JGyyge,3/27/2024
291,451,ilawland82,$2a$04$iWKM.bfeTcBXVNcwRhXn1uKJjmYnn2MK5Z04loXjh.RInkpUiM70q,7/31/2021
292,749,lantyukhin83,$2a$04$ptLJXzjjxkYxBcKoxKZgdOijfmmUB25VshluUB3GL4GJHA49OdRLK,7/31/2020
293,948,smacpake84,$2a$04$oa2tOF2xjZOJeSggzE0jFecq33lHml.8JwlxSZOZCDGu/c1sepo.C,4/19/2024
294,43,gord85,$2a$04$ra00kzvtSFnbh5bjKSTD0ud9LYp3HURrZZRv5fLx2M1R9SyLDqvPG,5/2/2020
295,635,mcottingham86,$2a$04$EAUfgIwUrfyapHBA.kq0O.dmkqb8.FskqZo.7ZGcBlMExbzSZYtWm,8/30/2023
296,50,tstopford87,$2a$04$77bhIuIofyP9uSOGHM4s6.nSgIKIYZPmpvpERu7YCE3UAvxsqFpgW,5/3/2023
297,473,cedlestone88,$2a$04$l2ER3XgqT0WHpsckmsMfxONAMsi8.lQjkgXs6ndTtnDaGPzsUvGEC,11/16/2025
298,869,afearick89,$2a$04$OFyNAir4UoxeAvvYkRXPgOt0wxtJ2yfmdIOV/wkKMPOYfmg5yAOLm,11/8/2023
299,686,vwaitland8a,$2a$04$g1pvhHtzyrnGwmE3bfgOVugAeEP8EuvA3H70ehUZNsjiTx7pofNT.,11/22/2020
300,410,bshedden8b,$2a$04$ozIvOu/pCYSK7MnBETTgT.PceKWUST4HVulCPbr.QO2bMv6Sm5e4G,5/26/2024
301,9,plowerson8c,$2a$04$eC6E5PBDH8BkNioBbXpRL.cF51wcIJRLaGZu7cYs8V5OhkgFA0r3i,1/13/2024
302,839,thardman8d,$2a$04$sDyqvOPTbg0au8TBFTMwIOKiR1nVCeb9VrnTE.Aq3LJOfWTKJ0f3u,2/4/2022
303,131,cblowen8e,$2a$04$z2VT4zxz.sJe9IPAQ3QbZ.XHA8vTRRcrWw0LOsVNwXJi8OAfsGAK2,9/4/2024
304,596,ttorrecilla8f,$2a$04$EbgJcnhRlDRUJyDDCt/b9OWOzGutOy4weccxr6HuQvZSKErZ6uStC,6/2/2024
305,91,cdrust8g,$2a$04$S2OCH2ZcPnaAAlPDRtx4jOkSWaEd1zSqGie/6aQnP2kgmYrPRzh/O,11/29/2020
306,888,hpittway8h,$2a$04$8Z6SVCWfA3mU850NCrv6PuXi1mc95AerUkSKG0GK8GFRLM0KkSlDG,6/10/2023
307,883,cgummoe8i,$2a$04$PbUHfUZcKqg6tz02QdEVH.9EYmSO3xEE92IGAMd4t6rTNmcno4YdO,9/8/2024
308,78,wbarnwille8j,$2a$04$.foE.ywntHP0PaePa6ZRPOk2HnXSxV4uPrDyxCTBlh8FXmaFWu/vW,11/10/2020
309,299,lguiraud8k,$2a$04$j/CbhWvBpu.MaG62rK2L5eAWP8POUGCxQJJIRq9WgC1SeXiW2rdzS,6/17/2024
310,720,hshackel8l,$2a$04$HXUkvC9fuiByF3r6cXIXuOPf6XaVhVP5ZrUB9bJ.5P/42hC2awmW.,4/21/2025
311,824,mdutch8m,$2a$04$roeOMt64NoM973Hb/V2guOccCt2ntTFBoFp.8RaGqohzDDZlERbDi,5/10/2022
312,870,drushworth8n,$2a$04$CyNtPnFkXjpzSNlnvUuwIe8Qa8nEdIP.ir3ihVkoVbswUuCljzyzW,9/26/2021
313,776,ftremble8o,$2a$04$ZPYbkdTwLu6F20ChvgPQG.CATQTQ3raKb6eLhodVStDyq/Li.5xQC,7/29/2023
314,208,edoret8p,$2a$04$xsrUxEGQvlPbHfAoT93Spe5RXm3FMXw.7bRZYIKspz3IY3kqvThYW,11/2/2023
315,287,llittrick8q,$2a$04$6r/i7zJLvSu57u.xxE2x2OpOMPQwoC98Kym81qg9SopXrWPTqFXyi,8/18/2024
316,882,rwhitton8r,$2a$04$ywqMck4RdU25S6cNNsTwGu7c9.3FAK8U2zXdQdxHFCY8vbNgydIEe,4/28/2023
317,285,acaplan8s,$2a$04$LMWRfMWYGvOrWfufMKbuP.MyYrJfTk8CZSromnPBAhBhRa3MWs6XC,9/5/2022
318,528,bmoryson8t,$2a$04$k.3Auc7A/yoWaSUu8SKzBO5jj22kkVpthigojf.nN28VDJU.XjUFy,3/13/2025
319,114,klaxe8u,$2a$04$LHkGYsipYrgGDSKoUYTNGOrALk7tHMxUXmPHEqmiEon.1ZLFNziSe,12/27/2024
320,961,uguidoni8v,$2a$04$eEq3sSJ5ZWA5ERUM9fundOW0FE24IMzPq7jUuYK39TUzFtekCj9mK,6/29/2020
321,523,csecombe8w,$2a$04$rDLq1hwxwJ0JE9l/kXeWL.ZdO7S/YqjafOjCluh8tmCwCIM7EK5eu,12/22/2021
322,626,asteward8x,$2a$04$C8LHPgKKTPY//2kkFgtpOu4k6qa3Yuo6dmmL3DH6fAKEyCe8m0UNi,1/27/2022
323,486,eboas8y,$2a$04$.sRxcSa0Pj6Uu2GRjC9iDudV4ZaXmrhUGWDtQsEtYWWNdU3kEkahC,4/29/2025
324,817,ogarz8z,$2a$04$QKrnYFqkY/VL3wY5nSacjODgQx5RDcIkiF4skOV4aaa/OB36xUGM.,6/2/2022
325,61,bdavidai90,$2a$04$seeXNeQhNxQJgZkHMqrApOUzwioGJo4lbyiw1G8mZt7tAVcKzxzhG,3/16/2021
326,298,brodie91,$2a$04$4uYPYlSLjr7iPy9.DWXWkOBt3ms4g6ZXcyDzFYYU6tE4AOL6wzura,7/16/2025
327,559,stomet92,$2a$04$dqcl/.3YHGSSvP5fJIFW1.snLX8anVoUzv.vL6W0jm7tPjStS3hLm,3/12/2021
328,343,ohaffard93,$2a$04$R5QEEzNclyNEgJ9ce3H9OufX9SxDKW0sGPJqra2nfuMcN628hW3Mq,8/23/2021
329,163,tdowsett94,$2a$04$BGr9/aUrkDXB9AZi6qFdauOwUysX22R7tQffGHSdW3xBokzgsZK4q,2/23/2025
330,192,marchdeacon95,$2a$04$Gtx5B7AZlOjEydGDwG7bc.zLPGlXTsNvM2w9vfEYl8QJv8g9zERqW,6/20/2020
331,235,jcotterill96,$2a$04$Du.Ienwea6q20GXgUNUzhO3gxW5X6gujbRDryW348z0msSmPhN7aa,2/26/2023
332,768,csquibb97,$2a$04$CXT3cJmlKiJGDO8S91UnVO3yRpvd9IDPS65PliZdYdX3tk4ElikgW,8/10/2022
333,450,dlauthian98,$2a$04$YdFsHiJg4cR5N6bbofr4JuuM/7zqAHraKJNOzmPdhOR8qUq0MOi3e,10/16/2024
334,61,eackred99,$2a$04$zEgrA/X1mD6BdBw0dOT93uAw7UxdZSHr.ysdWcFyJMdZeXAYQCo/K,11/10/2025
335,764,lhewson9a,$2a$04$PMglE7NuMzPnZAnlTAYAx.O6RDRo0kQEa3F9J3ykqUifPBZUM2h.K,5/2/2022
336,572,eposnett9b,$2a$04$8Vi2reTKUKdsPc9vJ90OGOJ7AWD7O5SAINnStrv4w2oFhj9bgqSKy,9/4/2022
337,56,hpett9c,$2a$04$0rpuKju4J1QyDiw1vtArY.nw9g1Ak.NZoajdxOIOQ2EtYu3/v16Zm,2/22/2023
338,200,amalloy9d,$2a$04$xuNEIIW4ekbQDE0b/f9Swerq/i7vKe2gt7mabNNGUw83Rkpc3KYEG,1/9/2023
339,35,abanasiak9e,$2a$04$t2.rLujpf99yRj0KSvx6c.J15nOGjLXiQlFl5MR2if6uLuJy5wtxO,12/7/2022
340,777,gsenett9f,$2a$04$wDMeQLpRjBdbTnYbvWBgU.D/1t2QPRdCcG/qyw8zPsvgSnRO77hYi,5/7/2024
341,853,cmccole9g,$2a$04$wZlvqp5MrA3YX4pIKcQD5.kq3aHUNqMW9dvV9g8afS9N6US455c9O,3/29/2020
342,304,rgiannini9h,$2a$04$l9GwezxlK3aUT6D.LH/ypuGubWKdOQNAEIHKYTsIlPIp1Ct.p62Sa,3/13/2020
343,930,cwiddowfield9i,$2a$04$V.CZu2.LUzNZrqAuw0hiIOAvZp2D9/A7bH8SGf9nP4PSFiDtU320m,11/6/2020
344,741,hbassam9j,$2a$04$hPVKBEke8nevQ9wkHvboA.7X4fQfUwdFD2XO74scqmAdi0Gv.q.ye,2/21/2024
345,280,lquadri9k,$2a$04$dhfsfKxHDAzj0SXvLEPFHuhwelsJu3m4Myr5cN2VkC7MITaMC2gGS,12/14/2020
346,797,vtadgell9l,$2a$04$0ygH73R6DLrkfu/Re4qZR.QNLM6e62w/.hcZ7FlE3q1jyKsHJyYrG,8/27/2020
347,416,pocarrol9m,$2a$04$o2fC8o9eIaSUafaJdX60Ae5KCD0/T1x38L3xE6S6RJrK2.ETEqaJ.,12/13/2025
348,204,hcastagnaro9n,$2a$04$02IpJFJR5hZ1vZEPoNi6GORPWejuskJhyvrdrqyovu.4DzepBBPq2,5/13/2021
349,294,taggott9o,$2a$04$h8Rclwu/QjaTx7xS1yPu.ORk1UXAfvGNuD04V3rFWwHfR4jbunUyG,9/10/2021
350,245,tdorant9p,$2a$04$OslD33jTmi2A5laQRHkxSOSR4LpD0.6cM3H4FlFTD.s9zXzQjTt1W,6/17/2020
351,478,mengel9q,$2a$04$mHogDOaTBfl0CAM6WlPTeODHX1qRROUazLB2WznWw78SXGPB1eVvi,4/28/2024
352,572,ktomanek9r,$2a$04$yj/6u2ZgAN16x9t2yiHJPu7y/YbMlB5aE4iMyll/QHDPZhK1JjePC,4/10/2025
353,823,jmacgragh9s,$2a$04$7DjKswKkTJ1AsbgujNZC4ud2yj2iSjZJsxStfgcyTeuCN0V1ewUoC,12/30/2025
354,557,cbratty9t,$2a$04$MK.2ErwL6hGcoDkbP.6o9eeyO91FtBmmXN28KzMk2HIykXC7BTTRC,8/1/2022
355,967,cmalecky9u,$2a$04$3GCPN21Pj.TfGYbd/zJVSe3eljt2uNv0A.sxGNQZXd5TjCpAC2j2y,4/17/2025
356,580,afurbank9v,$2a$04$SUwiQh82luQgdfXgwNBf6uRAPZMW/g5ITH4GikJxd9enjL6r32qlW,6/25/2021
357,970,tdarragon9w,$2a$04$kF6ZvkZsyGgdxXQdD6lC.e1iJc2Izv3wC6c88Cyx/y1kVEr0aZ6zG,4/2/2022
358,1000,jlibreros9x,$2a$04$yTDMCne0/GEM2Hw2oVoFfelAFJKmF4CUHtytDvlk58sPPB5BbyAga,6/8/2022
359,213,crawsthorn9y,$2a$04$5luz2C3k3gOmxxLV/oNCWeZ1IeYh.ycHzg1Nr5jnoMUM1LGagmDde,9/23/2025
360,722,dallix9z,$2a$04$1jw76.5IZP125./UDRCs4.EXtkR5Naf5SKWMn9dKozLNq9C8Q6rli,6/20/2024
361,675,abirkina0,$2a$04$j6IwFDm.9ruTG0zJaR3dMuAV4cDsDKqwJn7Z8YBTYpDm.Q87GHhYW,3/25/2021
362,899,achaveza1,$2a$04$xxJXz2RwiLJ73Lj.mKWMJ.NPCsghXfQvaQL6HGvZYkhc.v7pafncu,12/17/2025
363,892,acarlea2,$2a$04$j/aqn.l4bbMcowpVMYhzv.Q3CQQic1xAmKtJooHFeBHXM1/kkB/N2,9/8/2022
364,928,iallarda3,$2a$04$JLsHg89YMesYKWRlGCAG.uSZSb/bCGUydC/RbaNDz/e8j/rv3nIRW,9/15/2022
365,328,sroomea4,$2a$04$TksPChOAsrlFPwNmSwlGuex7is1/1R2gLeYTB2gb9bBRRcl.1RXnK,4/11/2024
366,697,ppattissona5,$2a$04$pplePrbKv62uosr0xt5.Nu6QPMZQQSYG4qvAXJrq6M9Uw1X7Qwcgu,10/5/2020
367,769,nsainsburybrowna6,$2a$04$PlwbdoIzIGN5oQLyfW3PpuqIBL8LwiZVAxn6g0so9vkOR.7hhjm2G,1/15/2021
368,677,loakwella7,$2a$04$CA/lzfK7d2.pPl.Poo4scehX1kT0nUMUGcyJH/7H1ggdvAVIcz6gO,10/24/2022
369,635,ahebblethwaitea8,$2a$04$D6qMoJjGvNdueY638J8Y5uCdJC/IJvwQ2MbtgTCHhkdSNj2grE91a,10/13/2023
370,867,scawsa9,$2a$04$P1oVhbNcpgC/X4f.B6ueCu3W8/0aF.hg0IkoVKVpRBFDdvpnuanS.,7/3/2021
371,774,nberridgeaa,$2a$04$s.dTi7xuEYKoIemMqqZoV.nIbU5C9zHH1wDUWMV7PrT2V3RY4c2Gu,1/22/2022
372,932,kfockeab,$2a$04$j5U8wCG63CKgnaN5TSwazu8DMUZVzmo9947wkpaC6jvTXxeCKYqD6,1/26/2020
373,483,rwheldonac,$2a$04$WpXdDBT5qK.NXlAtFsslReuwm/xA7I2K4DNrft87Tuqk3rSizTes6,6/21/2024
374,922,eleatesad,$2a$04$xcMpYf7YaMV1ttWdGrTSfOr5dvS5QeEdCeWmLvWW.H8gqK0qnhsim,2/26/2021
375,82,oskidmoreae,$2a$04$iZJw9vkw.WA68x4fUZpqteXdhx2kAM1AxiHz4p9ZNsCLnQeXjLnjy,8/3/2025
376,837,spenlingtonaf,$2a$04$oUdDvV6c80cnlv3UPz6MC.FmAirTkYERDEjHIqKoyYt9SIh0BXs16,8/20/2023
377,924,ccazeag,$2a$04$DV6uiQRVjWXXnmZeT0mkV.7EB8rDmbj.6UuGc7NLxhafmrp668Fjq,12/30/2024
378,875,mksandraah,$2a$04$phodexX4McoZp3qhGCmppO5E91FVa74fAyqU86gnJ4D2SO8J7zUri,6/2/2024
379,185,ctrumanai,$2a$04$ZlPKNOLmY/6Tf49E60Zdjuy3h5p3flxwEOAzbYaIJ7hiIGZo3ZH..,4/25/2025
380,130,tshackesbyaj,$2a$04$UtCihMmAD/2ExppmeNs64ud9D.5rhlxMZyT4e/WDdMyG2pXBNWa/i,7/7/2025
381,533,lmaffeoak,$2a$04$iCq5yylmMxszkfE2FFaSP.nP4B42OCs2E4YTk56Vm2847WBpL7k3C,8/19/2025
382,338,acomminal,$2a$04$hg/AcRlYDYyYlFlHBqRaA.Mv5nrY1nJvMHOy6e.17JP.AnVT6GLFm,4/22/2023
383,352,dkunischam,$2a$04$/j1N7RZHPadbjo3P90PekOmdkrmdg2KrJ/ksPxaj7wTq46Q0Lb28i,4/21/2022
384,327,rwinskillan,$2a$04$b6KU6d/GC0PoeTlhqQoobusHIUKlak5Yt08j2gnQrcxIZV2z/Y6w.,4/5/2020
385,320,ghandrikao,$2a$04$oGKbBck66rag/I8wwc4nbuyf5Yn8pvuqbQ6VowriLauhdCWWceKDG,9/20/2022
386,84,aduxburyap,$2a$04$x6XFMgFCqbtMHq0MynwAQuFOnf7vxdvgiV0n8Zf9uTE4dmxYEQqNy,2/17/2025
387,939,rbecconsallaq,$2a$04$ekz0qZRFZjlsod7ygjLPiOLlA/20R.5OKJtBtf/ZPToPGUCIwNQC.,12/25/2025
388,360,bgosnoldar,$2a$04$obKfA8pI.0YaeBOQR0djVeO9hifpZCua7zvVsSlPo55Y8Cc7bumGC,12/15/2023
389,59,lkettonas,$2a$04$8IjrsOAbjtyjCY8JsHABOekYNPkUAi3VxdohHKMlfGkvucQ.UtCoW,1/9/2025
390,612,ssealeat,$2a$04$Fgaoy.ju5zVEn.v7saT75el4o7Uu8HLmGpr0iCs/uM4qEsM6b4i1S,8/10/2020
391,990,bmangerau,$2a$04$ITvSe2Y3blpCDtS7y1MSXuMzYKBDHgFLXF1jHaz8t1LKvjgGK/DKK,5/6/2020
392,169,smacgibbonav,$2a$04$hme2zpd8xtY9rMc1tkYyP.O89UF5F.InCmm8pEp0wE5n/xAchNzZu,7/8/2025
393,203,loheneryaw,$2a$04$OWjS5Mf0A6qcV28NM5oHROVtei.F68bGOhKupRa17lGx1v53NGUti,3/27/2022
394,304,kwithullax,$2a$04$lAUv.90c7WjilQAJ9ZuAMu1NSPpm3kfvfJveDCK0H595wZps1V4oa,10/30/2022
395,94,ccornbellay,$2a$04$MKu0xTteyMQebRoSyo9qp.DiTyCFbVUnxfY0w2sFTXQosoUSBwhse,10/22/2025
396,135,lkellogaz,$2a$04$SCiIzv0xnymFIHbAcGD.tuJ5aUwBucqp8o9GephDQlWpoWdKStjdq,1/7/2024
397,324,kraitb0,$2a$04$CWKr.n5v6bG0j44AXM1HaevRODCuhrrfqzSH/dlXVHwnwni9Cdh5G,2/1/2021
398,950,dlittledikeb1,$2a$04$9MTCfpSLw4J0PWVEhobV0O1VjBNWNH4HnzGa3Wwd1Jlpe61NYEJ3O,8/20/2025
399,138,rtroupb2,$2a$04$qEIaZUWtuBrCf9eyG4UvaeUGP1ZTBTMW1K6VnoDqYyTCI7R8qUnxa,11/4/2025
400,922,apantlingb3,$2a$04$Y0BfHEJXzfuPC41gl81qReedPOqRmegY75BK8NcV8GPJpVSE8Bsbu,9/17/2024
401,620,smaxworthyb4,$2a$04$O8GfR/8cO2ndmYhqMcp3D.tuXxQNniPBQZgBugA6QjA.MruxmWpqa,2/24/2025
402,889,ahambersb5,$2a$04$lUBnKvlV.c2hew8hy69vkO1gHIja7h1y2.Tw6TF3Rm9Bn/hXZWgOu,12/30/2022
403,195,rlehemannb6,$2a$04$3y0JmUYTAZjrtVK5jwXMCer4mcmtFNDTkGYnqUS0A7j4DYWIxI306,12/30/2022
404,182,ftysackb7,$2a$04$nXDbJnD6EudtBYjJWa2XYO1ASjpzwcRuvCn9S8jw4ErtAyKlzPhjS,8/11/2025
405,852,jpepinb8,$2a$04$JO4HeIo/HZ29ieHiOyb0k.Uof5PM3VWDprfkMWSVgY8QDKx0XKhMi,9/30/2020
406,871,mhoundsonb9,$2a$04$5VAZgwbasvPfZllQNfAVxOwUV3QjONfy0xfh5yuxvsUpVaIiQTgy.,12/9/2020
407,798,myeldba,$2a$04$hpNWL1NungjKxp0BIuTDzeCw.Nl6FVHB5qdLQSAZ7W7qELLVoGPv6,3/16/2022
408,447,mearngybb,$2a$04$AL8kv0bnH.99ZmXI7ahUjO5gS/J6ABuvtmkInaMcVaDKHt2694gKi,11/1/2024
409,983,amccuskerbc,$2a$04$MU8ArzzvaAVgpsnDSKzOJO2IFwAWsuL30cirVqIQ1FHE2ccY1OAsG,6/18/2020
410,603,acampkinbd,$2a$04$XZHi51l8wHHVWWQMhmooGOJKFfPdzb6jI7eWxRMSuJA6tBzSU5rLe,10/6/2023
411,916,wnolibe,$2a$04$Tz4YuWRg84Qbijb.Z08cUOhgshArJjhdVs2vW1h/qs1qvlBpG1cW6,8/9/2025
412,861,malldridgebf,$2a$04$EdyxMRCvKXq8URjiJOni1.gmJLjgHiXoS1qXjhZsb/0ww1HNxtmw6,12/19/2025
413,91,tmckinnellbg,$2a$04$sONqk.fWSoWEqNpJ2lhq9Ok6UOHK/yC7UAj/yzfDxOYYh8dcHYCwu,9/30/2024
414,373,aandersenbh,$2a$04$3SpslQIemWH7J9agBtMO5.kxJspRD2to58q5Zd/vlk7BMxE.OvBLu,10/18/2021
415,893,ftarbattbi,$2a$04$hXBNzjv9H3cR2ZunQRFUwejzoI6aI.hOgZat5d3NP/2.fpKOjiOQy,2/13/2020
416,219,jpicklebj,$2a$04$AnWfKuDQlk5m4duYUbc.QOQityAYPBQ8rwHXLFfaC2ts4XPCov2vG,4/4/2020
417,753,ctrokebk,$2a$04$kdwG.fg4scW/jZWC9dreNeUszyQ/QPfFrcTbgYFAGc8Ge7l8oC9sa,7/18/2025
418,601,sjanewaybl,$2a$04$8MJAIjIvrLDh4Uj8W135SO2.NZPhUctoLFYfrlmYOBLkmoue3BDT6,7/19/2024
419,327,lbetjesbm,$2a$04$WrFTFqMUJhePgSbVMyptPuMCoT8fvkbuv3UIpPxFZ8ACTthgLibjO,8/13/2022
420,132,nbawdonbn,$2a$04$HKaIgP6otN2WujcdQl/jmOrQrrDzBpAx02YTgfwR58xrG2jIIo4nG,9/9/2023
421,867,toiseaubo,$2a$04$8L16uXsyASCCjyMiDo7aoOrAu.efkSLk9462TEen/xQlmL2kFfN5.,11/29/2024
422,598,hfranktonbp,$2a$04$Gbqje6oz/08bFTPKKE15sux2KPEtdC1Jz1kuvhirof0033Jvn9UIu,3/7/2024
423,915,kelesanderbq,$2a$04$vK3ZHMG4vG39GRpotpgIBuOUqSd0AaDfshWyxnIPmU5yQQCyzNouC,9/3/2024
424,465,fgullickbr,$2a$04$xuriVx4lxpBaP9YCxL5.4umMiRZkYd8.anwiJ1UBgo4hOVR758w.S,8/14/2020
425,210,rcalderobs,$2a$04$TnEAjLh9mNvsEtjIh.RQkeCRTit4qa0CFv6O7d2pl4IQbEYte327K,3/1/2021
426,590,gcostinbt,$2a$04$TGZ8Obt6Bi7jTmIufYza.ejD1/Jq0TU.XYXkzGAqt6IsNyTWzfkrO,10/25/2021
427,154,bfeanderbu,$2a$04$rzsVtNSFESRdLkkXcGmBC.qBLy2/ykSDn.uUY2upwEHi49FoT11du,5/24/2022
428,141,kseebrightbv,$2a$04$IWvSe.5eHqChbSbToA.5CeYgnRRQlSj77e29i6TDM/acV4LQZw5da,10/15/2022
429,588,kspurnierbw,$2a$04$OHZ1YoQRsqCChO3rckerA.1Vc4Vi2Sk1dtcdWgZrdwSBL6ZPdH2oy,6/6/2021
430,342,iscotfurthbx,$2a$04$MX1EOoXuVuVq1s/zPpfwVuoknVw5fcVNARnw7tUoqKjvjyMaOJjs2,12/2/2025
431,383,gkyttorby,$2a$04$DMjALKBrFgVmMKCDMJmW6eHkVutTHA/jjrJ/hqRlwtoq5NepF/rT2,8/9/2020
432,266,sbouchardbz,$2a$04$HxcL2rqwsWYUSrAkbJi4LOdE0y3LHsMp8cB81G6iYPcCCHoe3apWS,6/16/2022
433,258,leddenc0,$2a$04$zyJDoXxTq3NmDX/78RTlneD.ZPrwOBZ4jsptZ//DPEN6SR/4f5M2e,10/2/2022
434,941,ashowerc1,$2a$04$dCFoGXliTPwUgZOzCajNMefqxri7cqKMrCoKyLwORxbQLJ/npltvW,4/27/2024
435,513,edemeadc2,$2a$04$DXgWDf201TeGanLYZATWMOl8MUMNffc7DiFA1sHbfjEjCDmBY3SkO,2/19/2020
436,760,pbickerstaffec3,$2a$04$Kwe.tBKfVwXgFgYbnK5vgOw1qbXRn7Tnq0n0TzXkkh.siEVnSczH2,9/22/2023
437,607,bpepic4,$2a$04$Hb2VvzuqGvDKct8XlACYle2JG5p081Pv0V4iFbm8g3IMo0FvnmT8q,10/18/2023
438,221,pfaradyc5,$2a$04$cC3LXDzCZR630moZAzob1OpGFcrbcUq6eC9v3uANTTc/MUC6ADXhK,3/30/2023
439,399,ftocquec6,$2a$04$83bCSSh53S8yhx1jINRP3ujmTa9112dgOxW4KOOtd0I3mQLiDyFye,2/2/2023
440,295,ciacobonic7,$2a$04$JEUe3SSZk0YCj1zbLVHBwOoRHTMimGkTUWofR6Hoc7cj5QS8dy10m,8/25/2020
441,202,rpeasec8,$2a$04$rC9qBbRsvYARqCzglpgxY.cKVcyR7Kq9xAZ/5CFMnWfFiKIzCDC4i,5/23/2024
442,563,ethowlessc9,$2a$04$ftBd5aZ5O23Mn1LkLx7LuO5dV0KouNfLlsSRW.4ZS9cdI556q5abm,3/17/2023
443,186,afibbittsca,$2a$04$.qSp9fHr3P2KFtpeUU3ISe/RMFIdikuPwrpZyFkElnGfcAYgN2SiW,10/15/2020
444,62,jnibleycb,$2a$04$lGXdqbPhnAVdNLOEv4OBn.p7gIPEXZsG1eBcOxghTASXPgYenAA9y,12/19/2023
445,713,mbarsoncc,$2a$04$nY3B9ozXA7XvEdwWKxnLl./SnnwkS79KKAT3hOpDC4aQQL5Q4VLx.,10/23/2020
446,984,cbendlecd,$2a$04$EFvXrIEkBQ9eq/ukxxZnX.Kpc/ncqiwL6m8wylpgc0T.aSkv/mVFK,6/16/2021
447,255,tfenemorece,$2a$04$Ek5w5CAZwvIRhq9clnKxleCYq9EBONZ9SySasFxdHvDP0HVP/Up6.,6/11/2025
448,327,svaggcf,$2a$04$eld67KAa62j3a9iPgB31auOVKVoCLn1l30xdUeaFt81zSH2bcaNXy,6/28/2020
449,541,khushercg,$2a$04$hT.MEsvuHKIiVZWhzSSqBe7TSzu8T3OTnw3xif0zYD2ymjxqNlwBO,11/29/2023
450,368,mwolstencroftch,$2a$04$Q3s7IM1.aDBz8U.G09mU3evxOJyKhq9GiR8zvcNs967JbssxVjLZG,8/27/2022
451,839,dkerriganci,$2a$04$a2x3Nu0re1stvUJckV9eN.Qg0jIb.xn0scaaR9PpZ09ABwlk0axum,4/27/2021
452,216,fbaistowcj,$2a$04$/SDHUCkaURNAckQ5vdCRZuYNvYBNt5lDsKjKAPHL9Dn7tlnq15IpO,10/28/2020
453,66,achorleyck,$2a$04$BzXHsa5m.cYFHQi6n0X9uujHAOEvLCD5INR9Dyrx6h5BvVeAP.Im.,4/4/2023
454,171,dspondercl,$2a$04$mQd5Skjg3fRQqWbOBFLvPOZxs5nDnbrAtnxGJ4QFttbnDqqLRwvTu,2/9/2022
455,826,vlodingcm,$2a$04$JaWo5kI795nfjOer7/aC5eX5h4NTiczQCD6FZAGxVFcGjoYTU5oh.,2/5/2022
456,901,dgrabencn,$2a$04$z4Z5DusGeEvJqo.pnmypL.ShRdv.eBDuU9Iok8LQI0L6lAnligW0q,8/3/2020
457,346,dstormco,$2a$04$/bs1BO/haZlODVYU//5c0OPo2IWCNy6pdrKQQf53KtwKPBNG7Geqi,8/12/2020
458,858,cspierscp,$2a$04$O9VNumN3gcfiKGSrKOBCCuaS3gVkG1fPKvXHOWwIyalURNDA6RS62,9/20/2022
459,948,cbrighteycq,$2a$04$q3aIAQK8BG6YV5FOgvb80.4kjk3OC8wGLcGSdbzJg.chdblzUjCby,7/14/2020
460,79,emosconicr,$2a$04$WPiBI1fvYTgkIr6R2g1CCO7t6LXA0IBkUWx0/arjUFHxd2l2M2K7a,9/16/2023
461,943,wstearncs,$2a$04$aWm96WgHS9JmRveBfbIaQe1GaYV2REjqS.Op7IZCCjnTsQWPMikOC,10/18/2023
462,264,ldowerct,$2a$04$URdUaf93VyU5bsjGre9biueBOPpOFidVz.D8uMK.MEPHFZQbjosKa,11/27/2024
463,809,laspinalcu,$2a$04$HQjEzi7yEMd24XrtsEtbqeYjn1uqou9HY6RWGqPkmULcmE7PRd0Fi,3/3/2020
464,778,rbrounfieldcv,$2a$04$hUQaTb4ZobPIr.QMN7K5d.TQKEuzGrFHhteLhoEJWSRdX9wzwdISy,10/16/2021
465,44,famirandacw,$2a$04$O8k26nJZ4z3vYvs54NQf9OT5ZP/PolFztYb9AypmKHaAE/tQtKwra,2/19/2022
466,629,ebertotcx,$2a$04$fMTMbjD6a7cYpY6WPZcv..aTlrVvNF7W9qgNIz6CMAHAoZXVyTnBS,7/30/2020
467,377,ccomiskeycy,$2a$04$F6QgUxRT0Y4TKSPKuXCOJeBouLJRVv2T3/ZUJbHjfr6.bYrVIy3jy,12/17/2024
468,945,cdalgarnocz,$2a$04$T/jSR3S6FCLhZS7xiyzm4Oa3DmWLaxHdfRW2UXxuLx8lj3XiacYSa,6/30/2022
469,744,ggarnsworthyd0,$2a$04$u/3HRRVmjIYXgi3RM4v5hOE3Fo.rjdIH97fZW5fFvsZT5gKwhXqkC,9/5/2024
470,404,iryled1,$2a$04$e5Eoez08XvXxCdY40q5U8uzsnA9jH1vpifdAsHYkRTEvemI/QOkzG,7/31/2021
471,362,amccobbd2,$2a$04$UHRgEsg/53qkAR1qjGudzefki2j9Hb3Iy1Xbv4OpOoCJkqBvmwpWm,3/30/2022
472,461,msargeantd3,$2a$04$UhRnKDXkvW.5bqRHlFFNZODOfvUW3CTkHP2DVfdK0MVO7c.fccl32,2/25/2025
473,722,apriumd4,$2a$04$QRp9Rq48srHCSWaBwZkKIOwU/LiiEdnqAlJS9GINI1Qa.EAPl9QL6,9/5/2024
474,639,hjedrysd5,$2a$04$TrDDALW6uQb00JjQSKTbEusqRRj82TjWGeqwsgGeXu4DIsvW.tfDu,10/14/2022
475,659,mwethersd6,$2a$04$gNjSUh1SfKRWCyoA9syooO0UQFzL38TP2u40y4xs6ibrBrTyXpuKq,5/15/2021
476,523,rkrienked7,$2a$04$K8Z8JhKNj3z1Vkg4VT2WXePxuEWbLx29JKXT/9NPJhMR7t9w1sH6O,4/7/2025
477,250,hsorrilld8,$2a$04$aeQjH8CKdh7OajvRN0nBr.MU0lrJR/hQM5bp6FjqSK.p0mSzQl.HK,9/11/2021
478,874,pfallanched9,$2a$04$lr4RrIgjfOK22xKNj7pINui6W/ACpkTNM54WK0/hLfDjFaEh6j1hq,2/10/2021
479,103,rmaypotherda,$2a$04$9dZgVw/Ha4LRKfRVAPeJ9u8p/7u2wWLvIyKHiK2h67IeiLIyYuoBe,4/10/2023
480,579,gkockdb,$2a$04$fu4R2r4FSjRXfa4MHSRKvejxNVxbLQsiRb1pLwAhj8Wbs1xuw1JN.,12/10/2025
481,520,dbeushawdc,$2a$04$HDwxJQ4RaU6rtVHb8DYAvONnoVVvvn/z8wn8Y9GxndoNwVc0JIxWS,1/9/2020
482,290,iomearadd,$2a$04$Gh/whUcl/Hy7XztNsukJ/esFQeEFrjXRj64dv8zIHe0Edj6mTS8m2,3/4/2021
483,153,vlawteyde,$2a$04$7R0KUqULPB0I3JDi3tmou.vqIdw3Reo1nGscfSdJ5FEY7LxeR3v8G,4/23/2021
484,639,mrhoddiedf,$2a$04$h2IGyWKj3z1/IzMEMRokauWsDO3zmWlzEI4ILhPTBOyPRhuQVvlyC,2/25/2023
485,915,jpablosdg,$2a$04$sFU81GvdZ/PeZVnBvgvZzO59doM/aqS85FJX0tuqBNOEgDGbqzAYi,9/19/2020
486,586,nhughesdondh,$2a$04$zRn2D0wKxLRgHI1Y.yxbNeAV4mups1XAK0iqo7ktkFuBsEnbRMQMe,2/4/2024
487,823,akaveneydi,$2a$04$ImOlxosT7V08qYNri5alJucpKEFVjs3dHj2ozkmGXiFSBCedq5cCi,9/29/2020
488,861,bcorstandj,$2a$04$wVerJNqprGY.T.WVB1a3OeRdnR6aMVg4czknekFktyBOL2pRGjUVS,8/19/2024
489,269,lmellordk,$2a$04$vx80f1CbjppJVjJ6pU/rou8Tlopvc6IxsQ8UGhDrSUuyDJMOm93By,4/27/2020
490,828,uviccarsdl,$2a$04$M0B58EEglR0CYoaNn1EXX.2PLquv5gl7rFT/c3XiWWt3SorZc6Y/2,1/22/2021
491,926,esmalemandm,$2a$04$sY9C3kfwJO58V3uGEloHHurus1au6UbGtQTpZ/yj1BXBo8vpIgrtG,1/16/2023
492,118,apietaschdn,$2a$04$0cLR4F1KGRTrnA7KKNOhgehcjbQ5.UXiPjmBFrd4P0559N183qgDC,4/29/2024
493,328,jsilversondo,$2a$04$z0QCJHapqsHfSApfRDW/DO36n2tf6Zo8nLfTXbDZ1CYHq/NP.CZRG,5/21/2021
494,254,lcolesondp,$2a$04$d6A7lBrMm5.14jOBMHexdeB.DmdPhxZnPj4gllDqYTmXWX4SIyMum,10/19/2022
495,528,kroafdq,$2a$04$nFAK92Q3rlOW4R8.zVtdJebeI9IQzCJ0QkBtpeuVCS3y5wa6ZtWQi,11/6/2024
496,716,aleggsdr,$2a$04$XiTvW1fsdDGeec.KNcbzt.raxzrU3KTh0wXXcnxoCK6AlDmzq6AEq,4/1/2023
497,230,esportonds,$2a$04$0wGy9zGErZsUmQWWbXfg7.iwWGqBsTJoWpMzGrV0csnFKbhgdKlJ2,1/24/2021
498,82,yjesticodt,$2a$04$q2PMJZ4gqGEKo084DrJCOecANUQsAhiRhBAfYEtAEOPRNCSFPwd7u,2/24/2025
499,117,rnorhenydu,$2a$04$xB73XO5p24DIyNiLQvHFQ.6I6dPmgyvpfxgGM6Bv0ghnSrW118.Du,3/24/2022
500,865,fwardleydv,$2a$04$pPkQAnIDuyHE7QnUY9D/r./v2g1MAfAWKVBSM/tSBcmg49Dp0hLe.,2/4/2022
501,830,mdorydw,$2a$04$wNe8d.2tGKvsvZNy0bnLP.z8p/pOx6aO5wil7YkMYUxBYUmvcWhF.,7/5/2024
502,589,mgoulbourndx,$2a$04$Iyta3sP6JaW.1m9NVnPXBuFgxH7pTQUj.vAdRjVMxWLusaORb4aW6,12/14/2024
503,206,mhullinsdy,$2a$04$xG81JOOAqHaXh/GJzljzEuvLlooA41UVypM/Mnh.43idTG6vPQ/7O,11/19/2022
504,251,vcabedodz,$2a$04$G9VsCFGAe4pHefhWhfWGD.K6DTFL4FxIjv5ZB7kU.r/5TbyzsFAqa,9/30/2023
505,381,dbusche0,$2a$04$zorJLptDUG2qbKuZj7mRc./zQK1Ekxq4NLsMhlCActP74nC.Wqa4G,2/23/2020
506,474,dsplevinse1,$2a$04$iRB4KWF36hqDkfV2zG0fre2aOTmbv0mPyBCuUyRfowcJ7TJnjYGiq,3/6/2025
507,892,bsymonese2,$2a$04$w1hn2dMztomquaEJW85oA.6NsRg.an8dlAxnu9xNofQZbOpU4GhlK,9/4/2020
508,306,mmazellae3,$2a$04$dG9w1hwrHt514uQ9wDmtQOk2KHTKEr1oAkpvj.aVvLdqea4rRW39i,10/26/2023
509,267,mpohlkee4,$2a$04$EWmMOO5ezGe/.jnBspF0Mebo6d4PAmMDDmMr4W4dcy6zgktMNm1vm,9/16/2021
510,691,chollebone5,$2a$04$HHN/.EU95ixeiheGbfed1Oseynen2qa24ZY5UYuinbNQOeCBlXs.m,1/6/2023
511,176,nblachforde6,$2a$04$Jt2ty1O6Ihr.zQQ.DSMGGO4ftF90WVDWMtcRT1ac8z6r3NhtnN.ke,1/2/2021
512,100,bkirline7,$2a$04$.TbIC8EX0e44QYTLi2wice8Hk5iKdXp4hivJbIcUr7zjGYW6TJehS,7/23/2021
513,20,cburnarde8,$2a$04$IT11m7qWpukwN.TCwuBeL.pGKZhr3bEosFWDo2LwNWW.oU35iaOdS,4/28/2023
514,588,kjenkinge9,$2a$04$fe512Of/qArcbEC87m10I.q1vi6W7.mRGYHrwuEnqc4NYOPYN2XEK,2/5/2022
515,613,acambridgeea,$2a$04$anofb6Xgugv.N1z8ZzmdbuAztckA0lllLW32v51AUEtOZYUhqb0AG,3/4/2022
516,983,socollopyeb,$2a$04$Q9zwmmAQzXT3o.ZMWX0rV.qe8g2jd9x.2WLhVtI1s.DvkK6jdXBq2,7/17/2021
517,470,clakinec,$2a$04$HiV45y3HBvY7X5jVA4OST.vIW95bV2abnfnCo7MWUtLmt0U4TqzGC,10/24/2020
518,526,apennycooked,$2a$04$2gdxlrZcIjdUMfiL0t.y7.rb2XfiyZN7UwGtjMPc6Vuv49M3/olCS,6/16/2022
519,224,hbarffee,$2a$04$wsELX5SX0jOQz/5wL8pg0OwUymvU5dgP/B7TrvqxtT1.PfKkL3QmO,12/5/2024
520,406,chenkensef,$2a$04$fa83z5q8kkNmDdKTht0YD.Rsj8vpXegPo35oM9rukiDhT4PXwn01m,3/1/2021
521,969,murridgeeg,$2a$04$ZdsOhIQMytB6ST.QUHTj5O9/gTHRp09FCwzbCKP/nAz3QPoNAMoey,2/20/2021
522,39,jizachikeh,$2a$04$LTg1D3yDNRj1VYzvwCk4fuDaaq9YgaNE142.vjGHSnez5iEE/IBk2,3/26/2024
523,186,srichardotei,$2a$04$.zE6YglaMuK10vW6xTfbPelu67Sd34geVdNPiH2vI5bDQvNQaJSV2,3/23/2025
524,3,hlyngstedej,$2a$04$eO6J5HWOwfFh6Zn0xZtetu14BO.zYPbaG2JTRU1T8Dli2PAU63/a.,12/3/2020
525,180,mhubbocksek,$2a$04$astF41TnonEFxVmF0K9VX.ePMIu6fAgSGmaGks4NtCrJqWkli89Ru,4/12/2021
526,373,rmaccallamel,$2a$04$ZjY.2N0Db6DrdnShfpNi.u9fVoH0sSiwKo0PpQcyFs.PuyrIecrVK,8/24/2024
527,986,vstrasseem,$2a$04$x1jW09c4qtkLgDgMIlq6qesMZHbnQ.LozIIjvN2p7B8UhKY5RSFji,6/14/2022
528,168,lsoulsbyen,$2a$04$QBIsz.iFl87JFMOpjCYHguxev91oWmthqnZEVoSFnnK5BNbEKwrkC,9/21/2023
529,435,hliggenseo,$2a$04$gyuWCrjkg45ShYbtpzE.yOv88oHxMzq4xUeQicGmC9ZIKIjyY4VS2,1/25/2023
530,443,cstientonep,$2a$04$gcPTEgGIKKuFa94q5hWKVeRa9oC.J88AIDkwouQZq7ERqb6YXN.Im,3/5/2021
531,610,rkleeseq,$2a$04$SsXyHqjJ.RJH8jciZVyngu3powYoDIkA.omVdcQKdlAqIIO7HEyYu,1/30/2024
532,276,ndonisier,$2a$04$K6/ZDuwTjvXQ0g.PSbyZ9.XZPh3nNQQWbRLPftB/K2gAd5mFFmFha,9/12/2022
533,159,tmerrickes,$2a$04$8WpNu2lRuLHk2oKNFcMGrue1BTd2TkvhBIw0M/Y9nTPcRoFIcC9wa,6/10/2025
534,651,stibbettset,$2a$04$NNED/i.8daC0mHPM/930v.3jaYa2TIyO/AhxojHGpHVUBhYaO/PFO,4/9/2024
535,541,baveseu,$2a$04$SvdIO77lZEXHC2kjQCIDh.gpmbeog871R1YG2X.IYQVQmkFTzAtQe,5/19/2021
536,711,kdunkleeev,$2a$04$U55gUip31MWm/RX3pH94WOJL0O3uL0WGMYjVIfrogalGlIC4eFmXO,12/18/2020
537,459,plaviesew,$2a$04$D47WXleyVXr5Nf0wZVCk7.Mo9E9fSoE7Esu84FIue.dcS8S6ptET6,9/16/2023
538,698,ipedrielliex,$2a$04$ulzNaca2wZwZ.QDzkqsyFeXvMvl01VyCLSo32QtkEyIYY5OFK3r6y,9/24/2024
539,348,bangeliniey,$2a$04$CAjW15dOLBramAMZw.9W1.ufYRbyw3W6nTRrIoPd6paljgbKMA5Du,8/28/2024
540,39,tweddellez,$2a$04$chlIbA7Ynx5yQxGs70V7XezMX5lckKarTY.WJbgMwNp36WHt5GRn2,4/8/2020
541,528,ehoodlassf0,$2a$04$BhBgzAMYJx594AvjWQziS.UEsbzzAGBhQ0A48aHb55yxOCDDuMNpO,2/13/2023
542,960,ajacobbef1,$2a$04$UVwmdyuLPh49OS.UL7hq7O2L0HkxI1S.7ZATzjlzQ.GsWBArQcSAm,12/22/2024
543,642,jolnerf2,$2a$04$XBCEABDcBaVRo21Uj8B5/OS7CWtt/6GSbeYsmgc48cBvZxD9kB99C,12/28/2025
544,182,nbloxamf3,$2a$04$yRsoWnYLqK7VGJKIpndCtOEsn2aP2N8MMAt2tQ9mVxvYC.7M4XJj2,6/8/2025
545,591,awolfordf4,$2a$04$RXHtKkTYWF2z1zCpPFGpiuN1CNxE.FqBj51RSP81e70uGl0R7ZOQq,4/16/2025
546,922,kgyppsf5,$2a$04$C5CWvyLZ7KucjzlnKrbZv.EaNgWmVu4IPdT3OEJxSenLl/z8ovsJm,7/26/2023
547,897,nlevesleyf6,$2a$04$MvRxHoMtA1V3Yokape2Y3eWFRmvgkMfPJxa1SLYsgqOd/qxCzzNf.,12/16/2021
548,240,lturbardf7,$2a$04$Y9Vcp6DmzvHijdquiCnwauO/8gwBH9ufp6C2vr7zVYRpiOHWeM.sy,7/18/2021
549,314,svasyuninf8,$2a$04$d2c2oYcUCCfeJ9MXB1LNfuO1ElklAZ4bGtZjlzEhJTvYmtf6LGMVS,2/29/2020
550,257,avasilyevf9,$2a$04$5HqvYT5XHT7.Vb8cxRt6leAbqM1FfFuhN1tjTLGum3OwNsa5CKMOe,7/17/2021
551,701,lbortonfa,$2a$04$Aj7PYEIuuG/5xaXxJy0vTePYFrf/nU197zYMKfFSxcGvdnIxTIv6C,8/29/2025
552,567,nshovelinfb,$2a$04$dHmNGYAeKNy.3Ly0j3OjMeFSUqxum7rS3j2jvLpCwhnQL2BWOslWK,4/12/2024
553,46,alehrianfc,$2a$04$YIQrEb1dASU/AJoss27dUOmPm9PyaDhx.AYUSxcIi7O6AE44tVUkm,2/10/2025
554,980,bharmesfd,$2a$04$LZI7AaRJFFxRp0uJJUjYVOqepLAvd29bp1EVoid7OSfcrvy47Wyae,10/17/2020
555,174,gmargrettfe,$2a$04$6YWqZuPePGcngB.7Kz/79erzDG8kCN1Pkmv47yQM7dHWz18yw9JlW,6/25/2020
556,666,egranleeseff,$2a$04$OedVSxbV5Sxi9AD0Q.aoY.2K.nWL0aAKcmRxWaodVoyrOJfV6106q,12/21/2025
557,287,afoystonefg,$2a$04$Qw58.INalwmT0jiU5by3Hug7NV2gXaj0DpqDsJrL5A/5qLE91l9ei,3/3/2024
558,151,iridsdalefh,$2a$04$H4RWz/FJmtvT8bcmB/KIkO0GC8NI1DNdBoLQV31Up.HqlD.oUTGUK,2/25/2022
559,633,isalamonfi,$2a$04$Xctv3aICj6yOzO.naG5p2uWegjjHePk0XKWUreQw..lqsj9wRaUuO,6/28/2025
560,429,jdefranciscifj,$2a$04$ubgbMOj/tZrG.6Wny.AXT.FmUcl.oExXb0ue5Fzim7uuiv8nOY3ja,1/17/2024
561,954,klondingfk,$2a$04$kJA/lyNYhsDiV4U5lSwLn.wymgkeZAs/abt9PsTXY/jbG01zQFdli,5/18/2024
562,201,gparncuttfl,$2a$04$1lq/ecXUb6VhmPBjCid21ubSNp/gFnOgGkkeeIDh82l9a3pR7mJcK,1/8/2021
563,733,psidnellfm,$2a$04$f44JbryW7bez3cX/29lz1.7R6NysaQVNHV6so2aaa2lrN37lhV83q,7/15/2024
564,415,wgolbornefn,$2a$04$JUZ4JOm3cbiefcMCnTqrKu51Q9csXzGqerCmGhEXO6pSXrxSKydFG,2/6/2023
565,994,kcoultfo,$2a$04$X0iRCwfRwsqN1Gx.UDY2xO3ZxVCwTgRmgxkKyuXeKTFRnx0s3lOkq,7/18/2020
566,624,nmatzkaitisfp,$2a$04$n.LTEVem8uFTAACEHbQ91OROPptuZj5aAco9MfUdqnl7FDgRADrYy,9/22/2022
567,144,frannellsfq,$2a$04$Xa.c70/ogpgxKjw.S40MROc4NJiWEyaFs1AVaAuOOilZa4v1h3N2a,5/30/2021
568,845,egerritfr,$2a$04$PImLJuXnIyagJNwkwnTtnOBVMKYzjA03.ICrMTBDrA7c0o5ixa4MG,9/15/2024
569,118,cspurdenfs,$2a$04$U1BAocXPMJToRUhtbT80t.if.oFQpdCPPSQYyPSYvv4UXUdELRVuq,11/25/2025
570,88,mvongladbachft,$2a$04$Xy50w3fv3001uP7H.nlxU.VWc7DosTRO4cb7NQ38UaMMfdTYXi8fm,4/17/2020
571,767,tjamrowiczfu,$2a$04$H.ICc9h2dqNMiboMOfLBKuiR1jjV4Eb9ZAqXwQMSisEnlaVh4yqEi,1/4/2021
572,819,uharmanfv,$2a$04$2vT60Hkjc7FMKr2e5cTize3n3fsYE8CUjx1ZD/GdsHgjGVlaIPB6C,6/11/2020
573,69,glowerfw,$2a$04$gWckEG0090x17/PtzwA3WOWzsA6dUHDG0uECK2aXUsGJ7Du4xzigm,6/5/2024
574,496,kboheafx,$2a$04$WEnX.IFWZnxmzuFIiP.vQeji9et9iZ1YQERr9XP0WwvG3nJhK1/Qq,3/19/2024
575,874,trenwickfy,$2a$04$t8PInH8X.ff.3jnzdzllje1LiTxTSzL8Hr82FmKD0kYAXnFry4LHi,9/17/2022
576,854,asmallacombefz,$2a$04$ixmqd/6k9diWQhZd5HAbJu..mmnrK6TzoNwy.07eRM6FouKUDCWvC,12/2/2024
577,877,trhuleg0,$2a$04$cg0dz5OgNsxE37Vhw28lPemNflreRtf9QNAmDQ5sV7PWFsv7IAo7S,7/9/2022
578,164,dsudrang1,$2a$04$gJqlFDGMO3PZad4Q5nCGj.WJHMrk/KH/AuD4SZtfeEE6YYmaxfuXy,10/16/2021
579,613,tsleiteg2,$2a$04$SWJJ9//uxrhoiINY8ON9VO20DArgAJ/kV3XMD6/2EPdK8HEbwA9oa,2/9/2023
580,722,knesbitg3,$2a$04$XiP16EmkM.fMHb5UP1Gwd.dHn884i2zOIR2oCdCfV133HpgNOny9e,3/25/2020
581,964,hrounsivallg4,$2a$04$IAVLUgj4s26UV72YUtnZ1.k24ToNszNUN8sy0TW.0TlNd7s0Hu7jK,7/26/2020
582,357,lseawellg5,$2a$04$bzqA2MGiqsh0T.zJLOq.IOndzwayKw4/pm8EoNlGVMCvUKBiLe.5m,11/29/2022
583,154,tboudg6,$2a$04$TPX.iQrt11ef3xQBITHSB.U05ftDMOyZacxZ496MNTlLnrYq1gYsK,2/15/2022
584,541,shetterichg7,$2a$04$VjWxmpx/f87KnEdYrWMHRevIUvHi/tUuC6uYrcnfNTGT86m4AbWBq,3/7/2021
585,208,vhoustong8,$2a$04$DcDjV0dzEkW3tFMmfMdeN.4XFnPf9uVMvujC9JAtAmy1hYdi046vy,5/3/2023
586,95,dhorstedg9,$2a$04$xnnycNW30AZTnrs8wYBziua6GLkhdeuWWTB8Kl0Q/FKPw8eX3ziOy,11/16/2021
587,71,pjuettga,$2a$04$jZN6r2yRMmqESCW4iA4AaOEhzwjkd3T3vFZ92cNY8fBoU3Gguk3Am,9/30/2021
588,543,ssharpleygb,$2a$04$Oxv3UxmA2lYaJNf1az.d2uLkVWFlyMndDtTHmD3pPmOiQfLuFzIwy,1/20/2022
589,237,ltullotgc,$2a$04$fLvgiQgmfDEboQ1wxg.7AelyR7CEJ0EzFQufDaBVMmGLfB0ihGzXe,8/12/2025
590,372,lkingsmangd,$2a$04$yXEN7GuTOq2fQBgXCtDx7e4NhqSC57xcKUdeAr88ekUsx1xTzA.qy,10/16/2025
591,173,lguirauge,$2a$04$dn44eAQ.eef2NOB/ZWh.iet4PXfWPtr1yvx6U1CLm.O4cQt9O0G9q,2/7/2022
592,960,ngillettgf,$2a$04$Gd3GOFhTehVNglNFm0N8HO26IseoGfYLJ97hJYhxKAO4bjz0mlxm2,2/3/2020
593,462,hgebhardtgg,$2a$04$FHJadMuNOWNEoY3GY/it.eGh7LX/y00BcUFiI75GFeDbyabPNlwga,1/30/2021
594,560,tmarciekgh,$2a$04$r0n6MuiVQ3wvxRT2qcboP.IIU.ka4LvpgeOwn2mQqH1s7C9vnJI7G,7/12/2022
595,368,dbankhurstgi,$2a$04$nwke71OKPKlOjadHhk5IH.NK/4tduZq.e.J55fJJRZMr.twsPytma,9/16/2021
596,209,emckinlessgj,$2a$04$xUAXeaP5PdJQQFb2hKDHx.oqYsEW7bXAHIc/tPjOoX7jTQSpAIfWS,3/6/2023
597,788,fkencottgk,$2a$04$aGqmGZp.05rhJDtREWKy3utF0cWma/Zt2LQ8Gg4b7iZP64eEtKAhC,7/31/2025
598,863,btwaitegl,$2a$04$l.Nc2iGP8yN/gh95bJCOAeK0cYio2U2knFKE.KV8RHgLkSK75WF1G,2/20/2021
599,982,dalugm,$2a$04$EGUL3VfJRA5tLXLwfQGDp.vv0YIMLwZl4uhFWewmNkmoBR3C3Q4c6,10/16/2025
600,347,cdenziloegn,$2a$04$4hJX38.hL3HcCdOKsA4nluaA.r0JgVB8xwJZv3vWRxsEQ7weUb.8i,2/25/2020
601,884,fstandevengo,$2a$04$rlgJQk8LgAExUICt6WZaHuhQc.I8c9GonCMeoS5b1zC5PeJ85o47e,8/14/2020
602,714,fgrangiergp,$2a$04$Ai.mFVnnFw4X1gYaxta2NeHMYSOdXLPoQzFB7cAjpMFsKJF2RCoVq,12/19/2021
603,482,saaronsgq,$2a$04$X9fl5xXga2RhunOJJmWXqOk6gJLMSIve4S71u5Q1TyenyFM0YAMRu,3/7/2021
604,118,abubeargr,$2a$04$lONH1cV6jiHYRl087adUyurmeGxErq325T6NH7yo48x9xBmjn8Qny,10/26/2022
605,314,hvasechkings,$2a$04$66vjuRQPU08Fyg/XEeMuvu29Q/kDTs9rr/vYkf2sER6cul4SY1ycO,7/8/2020
606,568,gwyrillgt,$2a$04$a6yBNCmMVpQvJ8BAFchVS.w0JIMfeE1QBp2hBGdzK5bNUcnEdSuZa,8/28/2022
607,311,kbeningfieldgu,$2a$04$Rw/WOY0AwjN9faryQ4bqFOA9EXovA3B1MuKFd.0ddhCFqzTl4g3dS,7/1/2024
608,893,dstanylandgv,$2a$04$F2p3y2dtVeLL8YGrDC2OwOSUqpRFhDxeAdELTGdSD3NdykBXeXn9.,1/3/2021
609,263,bboisegw,$2a$04$4zu5T0LqCZvAea/cKRRbmeAa3GwOAmQW8DKqVl6RdWL6fiR00Yd4O,4/30/2021
610,258,tbeardshallgx,$2a$04$tddfCLWGTgq5bPjeuOs.uuafpSom0vPOT5eiLj03n7kMw0crv6IkK,6/5/2021
611,26,bkinchingtongy,$2a$04$QaPizan1ejjPbsU6MGfwGOdTrSzOskUry7TWYSLcrhoa/7eA6.j9i,12/16/2020
612,412,cleeburngz,$2a$04$O.a8dynfJlUO6/.wJFfPT.oygE6CST3OvlqVLk2R1U26nzSq4081m,12/5/2022
613,609,pcorneliussenh0,$2a$04$Dzclm/ULhWEBiAPGLWPf1.8NibEOibmwTtnTZGTYiWrSw4.YS98lq,10/6/2021
614,283,iendersonh1,$2a$04$TawPmeqtDvctUHduFW6y4eQzdDMNzz1.BmvFij1rMnalDW3P2Q.F2,7/30/2021
615,143,lrobinsh2,$2a$04$KExGMW8w6JFWJ2IgPKJ4SOJJ68K04bXA8Idm9nkl178lsCTvUYkQS,11/8/2023
616,496,ebunningh3,$2a$04$QuqfAs0lvh1YGA04ptjDy.NA67bPwJNY.slJaY4gImLWQCDZOG7FS,10/4/2025
617,254,bgombyh4,$2a$04$F9lkhszvC460YrwQ4RIb0eV.KFRENr/8iw4uHLrxIz7Iha8sWeIpa,4/1/2024
618,411,ptruitth5,$2a$04$R/ZH1VqQKRAE2FMfnZjO5esEwCGXa3awK2dtQ4gIoYUSYKtwA42sG,7/20/2022
619,831,burchh6,$2a$04$zPGg8Muc7980hT0UbDUZge1GxCL9ZjkUStVJ14DPPQU6/h5wk5hxi,2/8/2024
620,676,eleverh7,$2a$04$b1atayAeMLtIXYI551BiieiBB3RvIaC5XKzjVAL2RnXZdoFQhII0G,8/30/2020
621,552,mbarzh8,$2a$04$636DRJDMjoXHJsFDs8JsJ.whIdgHV4qSnLPWhyuRxe0hKKnttp65e,5/10/2023
622,916,hmcmanamanh9,$2a$04$XW5mYteHihZd9B65eSp7/uK8VK1CDbhA6J2Itfu/so8MJFcL5dwxq,9/5/2023
623,578,elentha,$2a$04$Ua4umE51NFZYhf9ZtDKJgOyi6do39aWk5HrYvKoTaSVpcLCHHja1W,5/10/2025
624,970,nstarkinghb,$2a$04$j2ZLQDj0CVHqUuiqE.3xOuNSWm3QldBeVxxVPpLKiqaaoPabxzmpe,3/9/2024
625,99,ipudnerhc,$2a$04$WPx4MwLEKAObVTX4ymRr2O0Sy/LwJ64gbFMMJR17r8TqGgfZcz9f6,8/1/2024
626,311,ahellinhd,$2a$04$DOD5jCSK/5Jf/ESo2qr7ceQtHNajW0rK6paZ3Qa0tmI9yZ1zbec36,1/31/2024
627,805,estreetleyhe,$2a$04$Hv3EfF2pITMqzvljFEpQ8.9BqCry777Bgv3boyLQnmbdxuxetumXe,11/20/2025
628,961,jelvishhf,$2a$04$7LIl3MVNxy3gFpFnSlRhyOHCiUeX0X061xz1rIZ/OK0tg1eLNxmk6,11/13/2022
629,870,eforrihg,$2a$04$WpowI44Cun5wMWywzKYuAOS3SYXpb1Umcwr48UL.tjB0RwjWke3AC,6/27/2022
630,651,cfearehh,$2a$04$p8Yh6GI2HtsycoTDebk5mOEeMkFhtjc0FqEJkoCv.UFOrg9j3Czsa,1/22/2024
631,543,dwillimothi,$2a$04$wAjUA3dTqqLtRY/PwpQfN.pctRjv6aze0ycQ45xX4M.OkH2HYdoTC,7/8/2020
632,200,bcornishhj,$2a$04$ZOzZAiIl8LPAAWJp3f9eQ.NpZhNNThQHFW3rEggZtVhhecIMt9Vdi,8/11/2020
633,868,sleacockhk,$2a$04$5NWHgrFvAclwFoykSeqCWehaAEIF22vvcWZ68ahbJlcnNGLWLLSn6,5/23/2025
634,939,mumfreyhl,$2a$04$bQW2FuqUxynLp3N4G9kIJeaNTrOo307Wbv6c5T5DVWTP57Ejm1bJ6,12/21/2024
635,949,chowlerhm,$2a$04$YZ6SKUu8rRSCCdw3bi7AT.HnVAWxzoFaId/MEpOcKSWiIqjxpIg5G,10/28/2023
636,605,svequaudhn,$2a$04$HjctwYs6WVCABjjmSIsBxuNsWmVL3gj0MaZrBN/7KKxm1DcoTvBRm,10/28/2023
637,917,mskidmoreho,$2a$04$RU7UNWjIK4k19d5j6xoY0.GCVxP73jtO4.jx0hCfG1Gv0x7v9lfw2,11/26/2024
638,505,mbeelhp,$2a$04$eITcD.vpsxhoMyu6/p4bXuY29cbuTuEvIKX2VGMKxqvPVL4DkY2J2,8/16/2022
639,399,csuggehq,$2a$04$NPs97P1exM2wrJjBZuivxuJvBXOggFwTEHBO9XcyyS8nnvjdaKTeK,3/7/2020
640,595,fchristofolhr,$2a$04$ICm/1pg/yzPKEsd8IICaDObkEfMHnKdvo7dt/eG0cFUtV3KJWwAX2,4/3/2023
641,660,aofficerhs,$2a$04$13sGfkmXR.ehXKGgwlwknO.qUW8LUDKLdK5TZxV.SZGxHJR6rwuOW,4/11/2021
642,168,podonnellyht,$2a$04$trQrPKKo2fJoUbb9BLqtMu7K3pb8VpKyFKJIdUALBDVHNXcxYwb8e,5/9/2023
643,444,cmulbryhu,$2a$04$s3mtCpdCorTdde60eUVSdu5EqK7e2OJdrQfaDpp/fUB32JY5uso46,4/2/2021
644,412,bstrutleyhv,$2a$04$rdjDJm6Z4y2iDhJx4iqZM.GhbzeG8Di7lrxVPj4k5mZXskwuMBdTS,5/10/2024
645,383,fcaughtehw,$2a$04$0xRSzNO.TiVKEhdJwQwhUeX8aRhxC9ruFFb12S83E3oRdWu.2nGIq,8/11/2023
646,319,lobellhx,$2a$04$lUss.UyZeFu.Y2BpWz.QH.c9HyF.A3kD3V8XffxNDYkjDaEjwlJUS,7/28/2024
647,551,jrowcliffehy,$2a$04$5YqQyKIbvBaiow7ISaXk/OgHWR53/UXs8Bqas.96Q0PN4q33Wo8MS,8/30/2023
648,673,gparmerhz,$2a$04$oVPU50KFTJOckg1MpOR9TuN3q5hXbB25PsWNp1bzX8MKio/0OLBpq,3/21/2022
649,919,gspeaksi0,$2a$04$8cgK8F/jQRXTIE1ps.0QVud1Ch3VNQtKLqbfKWCDoO07ojObyMili,1/29/2023
650,647,rkareti1,$2a$04$KDtlrH/ok9WssWGCrBewreTOjhAKt0YW3hdEMhgSilALoyQNKOMza,4/30/2023
651,647,dladleyi2,$2a$04$yWE65aFhN/e9h6I1xQYLmOHCDrtZeIxKGsCMbpOj22rY4JZ53AREa,4/16/2025
652,450,gmccolmi3,$2a$04$Ajjc7XcSZ4x1okGKpiaQgexqL8Q/XZuIxAc92IZvgsffvMMxWqf8u,4/19/2024
653,531,lvasyutichevi4,$2a$04$a6vHVu3oJT2VzGi649fgqudXUSSLSwczFkyk8DjpMPSD6UstLKkIq,11/26/2025
654,277,eplantei5,$2a$04$GlwUr1/Agbc0u7RQMWhM2eCWgLVbhZKeYdkfAT.KOKO.vo14GEi.O,1/18/2023
655,317,awhitticksi6,$2a$04$2s9O/LiAtQGZQ/NAaCP.AeTYkC0gKpeeJtiq.6vtSs/Cw6cSpdL92,4/30/2024
656,466,mloheringi7,$2a$04$avPWn0mMFT5uUq32ndfvz.KpAQCov2nOrERA/NB5LzalxiiQW1kLe,6/12/2020
657,953,kdegreyi8,$2a$04$KrZQGguOe5UUkYffU.HRvONr3e3ALHWj2Yb5UF6pVCvPOfUF46OK6,11/5/2025
658,16,anipperi9,$2a$04$utWONIvfnL2Cn.pMiglicO2ZrJvb2RxAoPQuzAqBz/yr1TPyAX7na,4/3/2020
659,119,droggeria,$2a$04$BOb8c7hpWvInmhEP.6dZQOpCsf7uQM6/iJuHRQ.ACYlH24blmbNfW,5/2/2023
660,144,hfreschiniib,$2a$04$5s2/JG8/oUzuDHV6/Smks.VnNyKSK6M7h676bdzgl617oXNx5QgTm,5/19/2022
661,358,zkohrsenic,$2a$04$cPnW0Cu2WBRQ7q7rynfrsujOiiiVwHrnBvzMoUOH7xJSb0MoCkMnC,10/2/2022
662,385,dbernliid,$2a$04$rQOTPg1spasa0pCRrHnhCu.UQTK53mrCuFsiDCPMbDVXsnKw/.tqy,1/28/2021
663,436,nmandrierie,$2a$04$U3EzaLHwI4y0r.F1v18uW.S.JJmU3LfzW564Rd7wnZ1apt8DDiR16,1/28/2025
664,869,pramelotif,$2a$04$HZebvAlBijepENUmLVUQseeTItz2000jPUXKpmXtypziUCDocAaBy,10/24/2020
665,302,lgosslingig,$2a$04$Getgz9xd40sCkq8Cq8eMf.ZGWMzZ49BjT7oWtwNKolMwO2O4.beXC,9/1/2024
666,336,aolderih,$2a$04$HA5Sj8fL2cxjIJat0DzOWuBK3v.P17UhHSgvFivfqkt37tHrGXgzi,2/5/2021
667,743,rsansomeii,$2a$04$Ow7XyPKgfCdZ.MucGyURkub8viVhE/4BhuvK8M707etFnTBR1mp6O,7/25/2020
668,862,bshilvockij,$2a$04$ZaZ0xrkrTanJy13QEvaCK.bE1Y1kB2XpiamGgQ8el/xRvDPaJa7Mq,11/30/2024
669,225,rcavillaik,$2a$04$2HxeStpiGzkQzdMNqNQwHuqtgedWwo4pUg3CY1SPiLbbUPqGiN8ie,3/26/2024
670,358,dwhartonbyil,$2a$04$PIk5w8SBsExT9IsX6wzTT.BiQOLbRD2duiN9FNaUikZz1mHZgtX5S,9/9/2021
671,266,ldufoureim,$2a$04$d4p24Hm9eteWe5XAgpjX/ebwbKk.bVVRyGlbvKIN5fpedMWS3SfDa,7/13/2021
672,83,rpickworthin,$2a$04$gw5NDFpnFcZ/3fD1dUIxNutgovcHYyGRKxsuydrrRwaSM8zZSRIFC,9/18/2024
673,244,asangario,$2a$04$3I/TCT1fQ1Zcvl0zGvslEeL5TczhSrEhVwL4BpdH4zCS8WY3AbXOi,3/18/2020
674,251,wmacnultyip,$2a$04$clW6QO3A7HD0q/Xa6rJAnuSDaRiTcr92THZe56oxQuVhW1W5BzxKm,11/22/2023
675,536,blivelyiq,$2a$04$TaNGi2IVHHsP6ecL0S8dM.ll.1.VilO3II3fcgLTvrecKQBf/BgIe,5/30/2024
676,554,chawkswoodir,$2a$04$5WqmtpJZUoM3rkIBTmc1NuT1HiF44UJ0GzLQYCkIkflpPckGcPGLy,1/26/2020
677,315,mgrevilleis,$2a$04$NMawAHUFRmybQU9jmMDL7.LDSMCVAhyWlV57feYEMNC41Daeznf1m,4/1/2024
678,872,swhitneyit,$2a$04$iT2bvhi2kR96sDTLtGeSRuKhxE.zb05O4HfXVbDjULSF8r/IF.q9u,2/25/2023
679,151,rsandlandiu,$2a$04$jRM9I9e5WdfAwtXEEolZo.hHjdA4QxFJbb7XZaTnVq/Qi7/8Q/P/S,12/12/2020
680,808,dveldmaniv,$2a$04$RtO46Yj9FBfXEr4bWBhFnevVbUXtEwazc0bQNrkZ/t.d/rrgKOSEK,1/31/2022
681,427,jguilfordiw,$2a$04$cZ4gfghzw4p6naGwSj7GuuGtANpQb4d.gSFDIhcctRxcYKlRKypg.,6/28/2024
682,318,rsherrix,$2a$04$7GWFsOIvuLnyHN2nSsWLU.XMxii8ejzbiTmmPykmbWgY1To4FmIf.,9/27/2023
683,504,acosbeeiy,$2a$04$jNn.NGX2oDKGvbaDVKlnPuu2XxeTQ3HSS8s6euJuNDmcR15nnR58i,5/21/2025
684,815,estormsiz,$2a$04$uTn6aHuC7y1knxSUDRqHTO72pm0JrNNrIhVsbe3KB2Clm8U3ygeeq,5/26/2020
685,166,mberginj0,$2a$04$9RDn7EmjoaoUk0CDFIqPPeQcde7q1JLl9/usdm3aUmo8KiKc89yK6,5/5/2020
686,363,qdurradj1,$2a$04$lJ1ZuyVX.6O.9X6NlEr5FeKXNb0HDbTmDehP5lYzy/iyp8Q6gCiva,12/10/2025
687,509,alovemorej2,$2a$04$nNLbpn8DnWx9UGBQqoM.Ku0AURH1WPOcyNV4EL5oE5Jm6En/KakOi,8/12/2021
688,851,rgillilandj3,$2a$04$1yczsX7oqUALJMltaM8SBeq.gGpAeYvWfeQVJTF.F2LWBSqZrpqF6,5/13/2022
689,314,gchippj4,$2a$04$PdLjCm7bOu/z1LRFdrfJHuVgHQojW6.sZcg1NvIbn.kbDpR.Lu33e,10/11/2025
690,370,bfaircliffj5,$2a$04$2X2MDbT2E.cq40IttBy1XuNQG4.DF6FHnycKK9b.YwRkhSDeHXNgu,12/7/2023
691,604,gkinkadej6,$2a$04$xqDYzEBc5Zom2G6UVBWdT.NYF33MFrjxU7p9e681Q4IJWLTHmJbey,6/28/2021
692,157,aiskowiczj7,$2a$04$cvW8y92NZFi5O0vt61mA9.bzXiMOyKIfjx71kEXQq.v3v.OxMQbjS,11/18/2023
693,109,aensleyj8,$2a$04$sPkfUjef2MHJOdZRSFM/W.T0m5I/SshVRRrPbhQvvCNdX213MGJj2,1/3/2021
694,789,fasmusj9,$2a$04$jdCCxRksLI2ZNIs5sd2SnujIaPvJGYXhoRwI/gWMti8/vLu/pBtQ6,2/2/2021
695,168,ashortja,$2a$04$JaVxj4bh0.ZB4PY21JHRN.5oMHm4XKyFC.AlFZALANZ4iCIGHr.Hi,9/21/2025
696,529,cnultyjb,$2a$04$e9.J9LD3ldbVZ4rJ2O2bN.6E6lrVMIkr6jfY/tIJd3c.MzXm1kjxu,7/29/2025
697,96,mgeelanjc,$2a$04$n/ke8Eruavlt9/MU6Rd3NOaAsuRWKq5Tso4AWrtgrJMkgCJVFdtYO,7/7/2025
698,667,fburtonjd,$2a$04$nz/gPy0h4r.bMbkI4sctA..EBPP1Fnyt04NzBuOPkS7uH4bnGvOyi,3/30/2020
699,537,khuotje,$2a$04$CTCDVV8gpSEcNIW1EBRtYe8txSQ5q3cKjMUfBhfUzszASAyKavxZa,5/3/2020
700,76,bdantesiajf,$2a$04$IykwLqpqyiUuGQN2eUtsk.OKle7z14NU4ffltBF1.tjPfOASHzWhC,1/15/2023
701,578,amccoskerjg,$2a$04$MCf6vGvWsdM.ht8QBhtzEe3N5ltcErkV9oz1FmJYcmCXUjYTaszPC,4/17/2024
702,927,dwinslettjh,$2a$04$NiviHo4XVHnt5wX3bwWz0ehhwTk.np/in1PAR5HiMDPIaTENsh1Da,2/2/2022
703,947,severardji,$2a$04$y5uQKjkcZcQZkaWtinY12.L79Oqv2INlElAhuWs1dKavykp0x2Tji,1/24/2022
704,623,ldanskinejj,$2a$04$GcyvWhkE.E2FfgfXKaXAYeK1C6qwN2tBvdDyh0.ruv.c9bEfQiPWC,2/22/2024
705,238,wdjorvicjk,$2a$04$rMV9IZ1kkz/7is1MJJf1wuPvGfkTnGSPm9DcrqxAODM31fAIq0SM6,3/11/2020
706,351,mstevensjl,$2a$04$hZw4c2Jjgh4M/jaIV3Yk.uQUtz5Tro/9NGvSyhieiaa.ZvIPE4IMK,10/24/2022
707,215,gklambtjm,$2a$04$PyjhwS65kUUZupBQbDLV5uMj/30gKGg6TtBq95.wLjFXCMpQHDef2,5/29/2022
708,341,mdelmagejn,$2a$04$NrKX6EEkV5cQwJKpChlVwukBQnB43uWJn76U3AY7z7CcxI.1LlWuu,7/30/2023
709,478,jjaggersjo,$2a$04$c1DdpJRpeqVxGxkdar06W.N/Zt2t8GBGCjQsTBdjUkIJzCxFpsgty,1/17/2020
710,402,kgrewesjp,$2a$04$6a0M0jBKloPvX1ZEObXKLORfRNuCxendThq13IvpoiJusKF/aE2zK,3/13/2025
711,748,smacklamjq,$2a$04$9V.sYWlN0vy1NsjyfSF79emSMKrw85Ssh22i7IXkwRVixMtWurpKu,1/4/2020
712,742,htomikjr,$2a$04$unSxON8BhJPPoKmCJbC/pOYWM1gQfaMxlgr.ACyDa2tr04inp/KW2,9/7/2025
713,287,arodingerjs,$2a$04$8x3BJo6nKEu.f0tkB1hJE.nPzYvLmJuZOlniTspObzIODUXrmmuTS,6/5/2022
714,678,dsaipyjt,$2a$04$WIwtg4.AfuJLmUmEd/zkoOdceab9NkClogHD0.NPuUFVtSxZq4a9K,7/28/2021
715,203,ybonhomeju,$2a$04$U.N9w3CyUy71L19LO.hjjOIncg8rgy.n41lBsS6dvg1IKseSkntCC,10/8/2023
716,68,fvossjv,$2a$04$EnNmJOq2MZ7R6ssntMSVeORs8LY.g7AfLpWfSUbQNSggyqf8z02jK,3/11/2020
717,99,mibanjw,$2a$04$vnEHBxKiC/3bzw0LRADIIe.2YXd.v1gnmYy7ILMHsGdiR/W.G2yoy,7/17/2021
718,823,kloreitjx,$2a$04$UOh4DzMGDY2AwUiosrd2ZuoJX/dPtCJhudnCYltRHkKGxjIm0F0YO,8/29/2023
719,26,rthandijy,$2a$04$TvZlG3U0F2s/UUamGkWsNuyPTXWZlnEgOXkkEEGAtW3E9OpcgXDYa,1/27/2024
720,201,hstorresjz,$2a$04$0LWBTvHX1u.WxZwYo5otX.7SpllfWEMRp/4pmdoxNEj5cN07ZR2F2,7/30/2021
721,975,epallisk0,$2a$04$3OCXjNQ0g.vX9E6iCqX0Ku131r80zCVIuz87BFhcxnD73bBt/ZQA6,4/10/2025
722,959,jfurmengerk1,$2a$04$o7LmwVx2UcpoPziPJX7yyOHhPvSIEwyafmA8TAYAzGwmtpJW2FdHq,11/13/2023
723,995,rokerink2,$2a$04$rAP5FyO3aSW1pYQekN3t7.oh2i7YwrHWBaIUAHBdldbVWutyBCk1e,11/29/2025
724,724,tmcenenyk3,$2a$04$fafAppoVMhkkou6kITbV6ucfvJyMpE20ouRTeB0RZyhEv4D/xHHdm,3/18/2025
725,688,cprandonik4,$2a$04$UXvTVMCIMBVfIFb/3Ug0tuCLjWWzy3AX6lomWk2rKC6eeM/LW4hEO,7/25/2020
726,862,wgrishagink5,$2a$04$jyravr0xqmANHyDw8wIsHO22pZ7nkobUoU.obu5YLBaZG6M5ZlPFC,7/23/2022
727,439,gbanburyk6,$2a$04$ad5A8bTPoAmSJTUSBB67y.e40cheiulQBzBsveFIk1Jyplb6rtKWC,9/20/2025
728,623,amantripk7,$2a$04$MVj2UHyBURAaTLaO9B6c2uZJA2JCpANh5wxkK2MTxomlHlsuBF9Ca,6/27/2025
729,196,sflorisk8,$2a$04$MVMOGfXi.JAis/ODUsYWkepHirnmbLECxCAtvVNnTQAbCwpJeBBjC,7/18/2023
730,868,acoudrayk9,$2a$04$bD85v6FhmCOHhDtAGRTnMuTOqCgUEKE5zeyzPno9uvjJm0BEA1K2a,12/11/2021
731,653,gkeachka,$2a$04$La2JOM039aon.Rw21BY4TuLXEAzhBD7F5GnebvQ/wJhTY5OBR4fNO,9/11/2025
732,265,motsonkb,$2a$04$aOC43nvo3wXVrCz.S14McuNgro44BINFM9xFCvUk2sPYpP2uHcfiK,8/5/2022
733,483,scloptonkc,$2a$04$78Y4aMrhlkuMfCAYH66UzObN0OPU5x3uf9PL2zNakvOFiELaC0nVS,7/3/2023
734,281,dmccaddenkd,$2a$04$qlTxzck2/guFvaV5T/pQo.55pGCtQVI4NX6A94lbtChxiR0yWUBAG,2/8/2020
735,27,adaybellke,$2a$04$VdoT4r05YoHItti3K.8.OOixRZ5rWUoL/CnDAtphXhGFdWwT4hwli,1/8/2021
736,916,dbergetkf,$2a$04$EfcIFCQYths6fpGaSoIXHOFCARtTppot4Q.AxLBTJFDcy4mTUM382,3/12/2025
737,985,lpashbakg,$2a$04$TBWR2nT/dgf3EGKjsZxoF.e8yrkkcjrkpmjkbAr.m.mbGj3PRg5Qm,5/22/2021
738,987,mhurleykh,$2a$04$qqAEs8V8WS8PiPX1PhHfi./QoHnb25TuYL3i9pFEKyQud8tz/cARW,7/22/2020
739,199,ililionki,$2a$04$O260tprABc4eh4DHXbQiMewF2uiPgBu8SLscvVUXidUt13xgDlRjG,4/18/2022
740,550,fschankekj,$2a$04$eFGYp3tWc.CM1sO1UysrROuRbDspX9AHYFHdwwHgg9MR1QAPARDF.,11/19/2020
741,837,sbelfieldkk,$2a$04$Rp84zuMHRYETa0fkiKSanOKOtF7SmOyeBadEFZFaRjHxpjXD3QpxW,12/3/2025
742,652,jstackkl,$2a$04$I9sa0bpXIm6l3L7.zVMVDuPS77uH9orcyV.NFvOTtzyEowvYnVc22,10/30/2022
743,888,dgalbrethkm,$2a$04$S4GeXz2/82LzjkAUTorAJ.PhKCJ//kaI331hkHfykDbxGEHg/609m,12/16/2021
744,831,klocknerkn,$2a$04$ikvGyVNT5qdGvqDWeSf26.qoEzp.7Zcsma1nvVd6GAIjUKAPic.7K,9/3/2023
745,535,xmiddlewickko,$2a$04$Z.f7m.1EUi/I3xOoTUTrv.D95qZsI5b1Iuuhd/6.DnLb6N3t5hUOO,8/1/2022
746,388,fantoniewskikp,$2a$04$9Vzoh.kQyCyg65mA9Mz64.BLP2rtpJxCo1JMnFTjYcaOVY3RpAeJ6,2/16/2024
747,691,hogleasanekq,$2a$04$0je/KOCh6Rwl3HDWzJqn0.3S0eL71/sMUpEJmYd.UASE6jeR.Lf/2,6/19/2024
748,414,awansburykr,$2a$04$z5IhcYOoUxcDB6eFy/eKeOt4w5tpDkv86ej0WRlN0INrSlb56IdSW,3/9/2023
749,734,hguerinks,$2a$04$/VgwQag6rrNuz6PyKJhpwOyKQ5YR/RIbAH4peagghbbWi9nFrsC.2,1/18/2021
750,872,mandreekt,$2a$04$aQWf/UNUaLlcSZsaQXexyes7aRYhCJwU.eXi8bZN4kztCBtBCziIG,1/2/2023
751,661,smossdaleku,$2a$04$9sGzyG/ryuWUERULes8ryOaHvIJB0Xmzcjwdsi4E0IJXH8edEur7W,8/30/2025
752,94,lchristoffekv,$2a$04$U6JM3SyPPs49T1mKD5dDjuI8doxVt15pzoOPPtwHAGp9E3zleQlsa,7/29/2020
753,349,lcribbinskw,$2a$04$1Vuf3ZO8n6ANCbWM3/1d0.v2vDPZwOGmT9fyhjIcqz/RbkbVir9Ri,5/17/2024
754,918,avellkx,$2a$04$OqEjJfCWjAoFyhzMA/.izuf28wFdvuDJopdnQ.WujNd2fUAUjWgJ.,1/2/2021
755,507,tsprostonky,$2a$04$JeVYeseWthqdwnsaNlkCVOY6Xd9r62CHIykbqCRdZ9/uZrTlQMqq6,3/12/2021
756,993,apickeringkz,$2a$04$.tjIpbGtSp6jeWCQkXTwuOfswQqzmN3Wu2ySvMo.TuvZm.bdhnkcG,4/28/2021
757,251,ahawksworthl0,$2a$04$mRnebp.JaIDkTnrCvLW0SuCUUJ6wpLCsCV.lpsX9ixi..Jp7EAhJO,1/2/2025
758,360,sroutleyl1,$2a$04$5Sl0NmqwxGeW9oyi6Z2pY.YnJO8NHMjGdLkXhB8oF52Kz6B6yB12K,3/28/2020
759,704,etincombel2,$2a$04$Jzc8YXWj0tR93dgseU3lu.5EobJpJ4oiCboDlGN5x2BwsDyPP8cai,11/17/2021
760,994,jriddickl3,$2a$04$TLvAvAjQtcbnB0FmNJdXSOJ6RQNIS2F7PlQmr41cTxpFE23tBfACa,8/21/2020
761,424,chuguevillel4,$2a$04$5PQXhcFA9uTjpysYrkrX3OUWN69O5ZHfHnwWrDcosw1aayHMDN3gq,6/18/2020
762,355,tshotboltl5,$2a$04$mHk.D2E0hVVKSiDA4ICefOeXVlHuIme0.maa.pjM2Q0c1TkRGuobW,10/19/2025
763,54,wmityashevl6,$2a$04$fnwiXdGODhzRJooZ0LCh7eNUzTzrafk4P/qDCQjo6aGZFqUybal3W,4/17/2023
764,96,lcasell7,$2a$04$eU29OblpMfXM8l.cG2eXee5i18b3t6pIoiNu/g9GRorm8hwiXH6s2,9/27/2020
765,450,bflaundersl8,$2a$04$ZTmLoooMb7.VF/QeTg3zBePO/lgphs7YSkKzc/T.aRUTGjOLWsX86,2/15/2024
766,533,gwithulll9,$2a$04$LBKEcf60q86wO7vlFQAlqu8hF2Ol8TpSUQiJa.VRWd4J0FTSNLPr6,1/23/2021
767,641,lcopemanla,$2a$04$hItg07uejiB7tUND5GhRg.4qtZWaEsHlqacGflAGA3REd7/ImMnO.,1/17/2021
768,611,tbudgeonlb,$2a$04$6qhKY.rQm1ZGYnxKuQDKbuOKaKmC7Lm6fKZuMA60MxnL6K12lnGo.,9/27/2024
769,952,shamberlc,$2a$04$qfnDbvnKKAV/S/5gUfTABeoPT4kRQ//darF5QDC9HOL7iuOOYX/RC,12/8/2022
770,659,javramovskyld,$2a$04$2wREIXBSKe0MloI0DmMvgOGpTrq0zEjqvhtrx1nOHdR95OO3oNN22,9/19/2022
771,69,vreolfile,$2a$04$Kpslz802WxS23QrzZrSl0.GddZPY/Xvoef3K/oQquJ9KhTDzBQWb.,10/29/2023
772,170,dovernelllf,$2a$04$cJm8XmKmcO.XM4LAKBkSj.Uvb9gQ.Yd5.qCoJESFTb0sIMX/WEU12,1/12/2020
773,554,cceillierlg,$2a$04$BRlkChKcmwtGlKQoO0Tii.HLM9qlml6eRHCwuuhl/W/yywWAoSSn.,11/20/2022
774,218,kcollarlh,$2a$04$.KUSD0/EMeKWpI93mYRwiO2JgUjE5yDwyKRGucMuBtwZP7HtCNMoG,1/13/2025
775,778,clethieulierli,$2a$04$NSDFvD2Kys/Qf8hb71ahkO0FFOfrcUk5vOg6HXItvQdLN6dSS3oZ6,3/13/2022
776,315,hbarlielj,$2a$04$MdWXVAZZmnJQJj7nbm.mCu0SlLzMn5TSbCp4TEjebr4O5UCzl8gRm,11/28/2023
777,84,dderricklk,$2a$04$9FchAu9Xy75QOZSKfEe6teTOTTDnHNiMdbOw/LYlErb2LCYwlX5kC,6/17/2024
778,935,mwestwaterll,$2a$04$DC0jLqnZ4e7zj1Pu0bg8LeJdoVAJ90XyZvodnSF8M7NfaHV8nlO1q,4/28/2022
779,358,ajesselm,$2a$04$xQV.NnRkaaLbo/xomEEl7u3YDSqIYA9cmx/zkaQYuUkBlAC4jWntO,12/8/2020
780,648,ehenworthln,$2a$04$N2qQj/ZhN5vdkyTqiwBpiuiEDPiLPSYJVzmNXGCSWPe8bThTJX0rm,1/28/2025
781,54,ccoughlo,$2a$04$mFQVXIqOjcj1CDZBgYkr0uNDNqEqBTZP7g2CwmJcJ8vsI6/YgcC2q,4/5/2025
782,427,bmingaylp,$2a$04$e9rL7946OoSO32mLEi0ppeOHE1ojuGxgLfarV6RweZTIroGu.k5gW,8/1/2022
783,538,hjanewlq,$2a$04$FDlrof86Dqvwnog6nevD7.nwHquLoXmXwSFvX4FRw7obmZV80j1A6,5/5/2022
784,76,echipperfieldlr,$2a$04$dE.PqdmRZ1ru6LBl.T1YFOiI4fDPISyO2BNAKPeY2MxYTlykieHXW,11/9/2020
785,423,amcguineyls,$2a$04$gHOR9/UUALSr7sQHE6FGhecP1Y1VHnz7T0fpFReRFBAtLALsopEn6,4/8/2021
786,446,wdumpletonlt,$2a$04$hGY5NRqbCbEgmIxqHvVsy.SAXkolAGpX62bZmRhwbPT/qRil14Uqq,7/9/2021
787,604,rmagauranlu,$2a$04$oH08KL0mJDKQtE3YLbR45eZSwXAc8rgu/m9krtu19FDqTg2qmBhj2,4/1/2024
788,639,tcurringtonlv,$2a$04$ScUp7dQpOV5H1l.rrHdg8Olun4dzfTi0wFt5AH5qHNKM9gVEOvF2i,4/26/2021
789,108,djeremaeslw,$2a$04$xUH.vCxD0mXLAdBvHnE3w.eS47ZT7pvv1z48WMJK1R3EEsHS5Ixk.,1/30/2025
790,403,rpotteridgelx,$2a$04$nt9o8pew8vKwCpBw1htzoutQs0sBa1vOce4zVwuly5Mbzk4HOJQVu,6/23/2022
791,441,borrisly,$2a$04$c39b5nGnUEa5BOsh73XxXuA72.qtmSFcH4Q8CtAEczU3IJTtVmBN2,9/3/2024
792,267,aatterleylz,$2a$04$fnfW5O/cw3fjhcp/seSTzOq6dWdDizh9RBCM5NTAyyc10uiSeJU6S,10/22/2024
793,304,imccreerym0,$2a$04$zBJJy0cTefNNmD0ptuCete/.6jdOLSAPelzWKLPvg6sUCUeCFKEAS,1/30/2022
794,220,csirem1,$2a$04$XeST89T14to7nTHRjBt7MeowbzE8SmrBt2z0EFRa.H009gHhJ2wQa,5/5/2025
795,665,cbraidm2,$2a$04$HtjAgTCjvwAAagNO.IYRFO3yAqoCDjD/Wy3fzst55SIrkpeV33W86,12/16/2024
796,113,gcansfieldm3,$2a$04$5qstNwU.s.3Q81ch0texzOMlBq6ddBF3/uf9WfIV/Fs.NdUOalWVu,5/19/2022
797,681,rmallordm4,$2a$04$1p2a5YA1UKIbDgAIDLETa.62zQNKUKxzQykNWxA0Qb3da8CcHS5tS,3/23/2020
798,490,lkenewelm5,$2a$04$HCcqyQtCXVdmdRxTmeA4x.Xn5O7SxZIK1/mz3Zd0BQnnWikUtDFT6,12/30/2025
799,265,kbonhomem6,$2a$04$ftrOIt0KDnodCh8eho87p.ae8s8C1rERiy5tqI5XMVmBuXikE8KO2,1/16/2025
800,282,hhastedm7,$2a$04$uEg/GipiJZd66KxUBFNsbORvkGI7r7CKATM/mEzZhLNYcafhYKZRG,11/15/2022
801,987,meustanchm8,$2a$04$9geAP9.R5X.woA6cIEEpOe2o666u1P3uK.ZnHbTfC7evCuwv2Kk/6,7/8/2021
802,334,amundfordm9,$2a$04$aWhKnWRrp83dQmLne0GXR.aGWlLQr5gaew86jw35TPI.xstjHu4Qi,7/22/2021
803,107,rbonnarma,$2a$04$TW5xihC57eV.n449bCfIU.yAX8n1038N8QMrWHaSbgENd3hl2Qnt2,2/9/2022
804,97,mrungemb,$2a$04$eJXzVX2JzEffWGhKeaEZy.OtnG5cSzijKKWLkXE7XkeZL7CoeIVZW,9/30/2022
805,982,squembymc,$2a$04$hiBIYsvGEv7tO2.Mj7nJ..x0nKv0J8ppUL9h8mOvCchMcXJY1Ud4a,2/12/2021
806,312,gattenburrowmd,$2a$04$anmdZxhY4yADh6MZmZ3dBOXtmATwU.v6qDDYjzsbFGlCuth4Om3H.,8/20/2020
807,763,asaccome,$2a$04$FHA6cMge7.WAAI0KDiqdye2o9NjhNkRYa4jVMTWJUvLYkmsgZv8N6,6/6/2021
808,790,cscrinemf,$2a$04$MdD6blIRR9GrNA9IRN7H4uaF3aMIYJyRhlKXbLdlpb4iJRMM1UWnq,4/11/2022
809,845,rtwidellmg,$2a$04$YkGeKJn2YN.AELZ2FHzXn..FzsztP3aDVYszAYQcdVJCb2nQGH/7u,5/17/2022
810,678,aslucockmh,$2a$04$iV8uHUjpjzqdRx5EW9XKSOEaFiRx4AfH.uNPql2vFETiS6oIyL80K,1/17/2024
811,309,mduligallmi,$2a$04$gKoonRNoYCpJAA8qUEruru42sguGNWWdlpzGKzWsJVVOn4Rwch0CK,11/17/2024
812,581,lwaszkiewiczmj,$2a$04$1fVZeDsX7BL7QJN/c5ROj.9i6h.OFgYjFxSBtu3Ts/XF3nB0fhlk2,3/15/2021
813,14,agandertonmk,$2a$04$OMd62AZsfyWlMf35I.x7m.94QUQP6L4wU9eSdcC4cFVu0S9FyMZBC,5/11/2024
814,404,poverstreetml,$2a$04$NmJfRgNpqVXbF1UuMgxVFuX0Uq9fYfIN6ZiOckAqjOfEGbZrEOBZK,8/17/2023
815,425,bpakenhammm,$2a$04$jEF94SfkNEClgpG5X6ex8e5h/sYoWabhtHUH4nfw3MdwXiT/ADZsi,6/25/2021
816,558,dpythonmn,$2a$04$pcGXht6pp8Xs5Zj9NbfxZ.QFGRVA8jXloKA.3C80SgiwSOv0raD0y,6/1/2025
817,654,ccaudreymo,$2a$04$h.WT2R4s/p.zlcZMrifc.uTYS3Oty8Ohq/gAX8UFvJyiGHm5Rks3C,6/14/2022
818,754,ldosdalemp,$2a$04$/K4nYx9Dq0yL.ZK6wL08ReOVSUR3WC8mvHKvSxNgKwc50ZNa70g1W,7/21/2024
819,804,tcraufurdmq,$2a$04$QCxDao.Oc8CDV07OcWvTJOBtwp1H6LXhNieKojBdxwy5sZcXwP3Be,4/18/2025
820,123,iripponmr,$2a$04$z61NKB43Dqd7KhjuENNihOwdRmaW0fHEFrgVdgSIuk5QsaoSeUmCW,11/26/2025
821,333,dsincockms,$2a$04$llSocHBgyo94XwydvSsnD.b5ZlyoNETZOMldnvJmxXYwfY1zIPMri,8/15/2025
822,614,tedgworthmt,$2a$04$Vqf/tEZ6vkG.1Nr3gViOs.uM8zsFaCxkQROxDzxcn/gP1cNuJEnpi,11/23/2024
823,408,kwybrowmu,$2a$04$9my4nRJI8PT3ia5Wm7ZP3eVk4GJOpRSi03nqQ3jDg5MjSOblC.Ihe,5/31/2023
824,431,vpickersgillmv,$2a$04$h.KCbi8IXEf//D5BoC9iIu4vOb63yMq963HmQKmSdBii4NJAdnR8K,11/8/2024
825,906,tgouldmw,$2a$04$jRARv..jl18x1IQACYNkb.h4xQsc790IAavwqKYzFzSUgtwSY8dzm,6/23/2022
826,802,tveljesmx,$2a$04$8D5Ld3jer3Ys8cs4HuuMZu1ULAVT9k2rko/aoJXXJFsoG7X6a0Tem,2/19/2022
827,998,cscaliamy,$2a$04$XytvK/HZXNANFZFyOVeOcuyhvoOZUJK2RiF3pUIdMj/RLmitxCAi6,2/28/2025
828,479,sclowsleymz,$2a$04$xtV5sfgBLN5ZJWASU6CaA.4nMK8EsutRz9qX2cEj9WID82yTMIG4m,3/6/2023
829,176,svictorn0,$2a$04$GgZZp.dgrTPodptkubwZluIFqL.UtM.Ov13xLPgrwq4sy/v2lhkM6,8/4/2022
830,618,cgoodswenn1,$2a$04$xVszF8.l0GzAt8OsX.Td0eRdJUwIForqbpteGZ6Z14TzWml7ikGMK,1/24/2022
831,290,zdakinn2,$2a$04$8Jqk.7eGh/eX5ZSlCeTwH.2v1qzjmfIzjvGIHd5hHnhCyPy4uhS.G,3/21/2022
832,886,lrawlesn3,$2a$04$NGNlBxIXcCUPK0qMg0/h0.fUmK1HPSw3CECXOK9EIFA7fDWzL0y8y,12/6/2022
833,254,lmunginn4,$2a$04$5cuXkiUBnsb1FhHgHRP.BuCQZsbkurtJw6B9UDutwUF5kPzyfqt.u,2/13/2024
834,163,ddurgann5,$2a$04$3crV4FZT/zqa/90RZIIcSeV4vaniArvg.AWuUMPcaj90gFAbSdSq2,12/10/2022
835,134,egorryn6,$2a$04$SHpg9yjh29cTFQGlWb0haOCy5BMdKxsxu0VQGUkNpzSfg7.O4KGMa,8/9/2023
836,565,bharnorn7,$2a$04$vHWle25MZk10TZd2YrPZL.6AzsQc0nnfbpEpwNTg45TchSjKSeQ.K,7/29/2021
837,230,ceirwinn8,$2a$04$7e30feLWDqcWx4cVyqCQx.rWrtKHBm28rkPvqRRONtMMtdxOaJ4Ya,8/23/2025
838,729,ygerrenn9,$2a$04$lWvwzfa2H2zYcEoqzSYyueW1MhjXMHpbB/CMC753ASavxtWgymSru,2/7/2022
839,730,thoylesna,$2a$04$8PDJazS90ftQIUaH2XdS2ubpXOwnReCy/WOib7UhLgwPbhWVhaiTW,8/1/2021
840,410,idrewcliftonnb,$2a$04$4KRC1quh0N91Bx1nk5WgluEnaactQRYvNheoxwreHi/3oXBzL4aIi,7/5/2025
841,704,stipplernc,$2a$04$9YeGn..Q5wSE5fd0cREnCe/TELcUAU2ALJC1GKeoZ6FWv5PbHVvpq,6/28/2024
842,291,draffertynd,$2a$04$pXeqd5.pcz0z9Xa5KmqeAen0sRRCdP4avKFMeJ90W1wi8YaVxTR8C,1/10/2023
843,645,jburkertne,$2a$04$FTg11UuH0HiRF/AKc.vRJOrU67MeHQvSdOCV9V.vx4YejarsWcsby,11/20/2023
844,176,mkalinowskynf,$2a$04$5Nc7nNRSF1NxVQJz1yaIr.hYHixcMWVLZGXMblM3epJDREE/8BDXO,12/13/2020
845,137,rgallyonng,$2a$04$nJPAu3nY7GoaQUcfeaq1qunrNQhxCT.9qdMKCiGdUT8cfV14LGD42,2/4/2021
846,162,lstanfieldnh,$2a$04$oGrrWkruSAk1IAX224hr5uommBhZOGIfHRurYLgcv1e2eYwFmZF0O,3/26/2022
847,634,ntottni,$2a$04$Xk5iryMSeM28/FMRbjJ8cOOQAYUiUt2WG41/fY1QCl6nnfbE2A1u.,6/12/2022
848,697,hoiseaunj,$2a$04$xZq3srnUj1P9mkHmaMtP/.mStPXk6EMS5oYOfvVp8rtcr91irPvVe,12/10/2022
849,628,kskuresnk,$2a$04$gv1fcmVrbmeU1cvZEZNvOOixlgk3glD6E2skKP14vW7JqirHVdOtu,6/26/2025
850,259,hscandrootnl,$2a$04$TaPUxWYy1/d7fsq5QybhteTrPsUtiymnqN6orLccIFrIIgg6cXvyS,7/7/2021
851,627,imcavaddynm,$2a$04$rQiBurqBZjWxqGEsUiMn/erOgaGEcAaSvXifcK576vzJ/Gns8huh6,7/7/2021
852,477,fekinsnn,$2a$04$7dDWAYXb8mymMZfYol5FCuO55jpB9mH/UvtP6SP2ZalY5EX3MO/0W,11/2/2022
853,43,mwhissonno,$2a$04$FP8HZvdRlPXCDZn0B8S2beaA0bbJG3lLYtPzj8U8QVjAChxjBQzvO,8/26/2024
854,139,ieisikowitchnp,$2a$04$BY.VhLueDDuVvWzBxLYpnOvduZE031d3TGMvBhk1lqdRR/DTifwjC,12/9/2022
855,7,mriedigernq,$2a$04$zO5VPuYQLIdhaIXtkPiykeRh0URRnzFeqS4hddEw.T5sf.cTYGuFO,12/6/2025
856,237,tthebesnr,$2a$04$6CN0So51814AJJ1tIc6L.uSzfy0359kRWtT0xCKkg8BjFfuTNy7jq,9/8/2021
857,117,nseathns,$2a$04$Cl.iP4am6GEUUh2FF/MWHOfwY.gHBKlDk5QWh6mCMVpetEVOaZ6Wy,5/18/2022
858,439,abuglassnt,$2a$04$ZKibjR9TEfJU.V2oLQ8Z8uNCEhn0Jvx9.5HCHDQueukdbQrK3/urC,9/19/2024
859,509,hknightsnu,$2a$04$ddQ/U2ODbpclsXOUVeAp4ePpz/9kvypkT4QHv1G9Q.0a.ASr0BJ/K,4/28/2025
860,788,etoynbeenv,$2a$04$1d4XOdjbJUOnWlWYQtHFI.rg4UOo/hpzcEfzgeqYbAWvzBYw1z3Xi,4/15/2024
861,349,rlagenw,$2a$04$fbMM7P4MGb.0h3H0a2Q7xuqYy0gpAAVT.OOFFZd9JK.n9qeu.e6Zm,5/20/2021
862,680,ssabatiernx,$2a$04$TOMO.w1EAgGbzR7gGnH0LuvfKUmrPVVeZvEgZUmi31iQhz4ENStmW,11/25/2025
863,29,clockerny,$2a$04$MgLnkdqyp8naFTEUkuzJ9uzu5n542LcJIuLB/HrUVuDtLoByR74Ku,11/15/2021
864,836,hduffettnz,$2a$04$D2lC94o.cyQVAgdWSFTUsOBcOuHtQrs/a7NR7Y3lVmjmznpg9iF3G,2/19/2024
865,337,cmquhano0,$2a$04$RwH50vTGDOwr7LmKcxG9XejPVOSksSKqo2Qvi/6QvRtknWMF.AN4u,11/3/2023
866,508,mcoxallo1,$2a$04$xZGGu4/wZ/ndynvNrWFS8uO/xrFCyL6OFOHXptzxQ5LOJ4LAdQKy.,5/28/2023
867,11,mespineto2,$2a$04$dBQJV.7KcmWTZo//x2hIhOu/1xFnW2RoYsmz9nvkFMxPfXR709neu,1/18/2025
868,744,jolahyo3,$2a$04$SQpx/6O3ZehoK34DDQWhnOQncp9O3CxNQETYLTShmDiIp4mc6RPvy,8/1/2022
869,1000,bmacallano4,$2a$04$viuBEwK9S37husiWciwhG.HAKU4R0gAlQ8z5HAAcziyFrZkEEf/Wu,1/6/2022
870,458,yaxtello5,$2a$04$s58fNwE2uALCYA92rAmFk.P3qbuL.SwWGeO87XCs2.Nu1uUSUhmNi,8/15/2022
871,936,middono6,$2a$04$BZNvvy0ULtR0Ckvl.QJZ9uf6bFWyf9tvkDaZs6GKOI6Uu8MY9uB1e,5/21/2023
872,799,jaugaro7,$2a$04$XSwK.nqDlVze5Ixg3.avU.6mLflT2A9ISduzJcTXpGXl/TfTZ6gqm,2/16/2023
873,359,jvasyukovo8,$2a$04$Ln4hJphInxwTlrUPDtYcq.qIzXK1255CJ4CgIG.MbPdwbQLWNP1Oe,9/9/2024
874,892,hswanno9,$2a$04$bJ51hUsamheQd6S664kVs.oFo83fkegGXomUJzVwL9R3Ktx2XYmom,4/8/2020
875,435,csondlandoa,$2a$04$A/tjN.DIKxhKndtH4ghboO1qkh7doqRYhQGTzBULFBmNqNs.fRy4y,8/13/2025
876,323,pparsellob,$2a$04$83z4YdRWugy1Ep8qf/bV7O/A5M.U6I1arZtXA9UpC3USYXazALRfe,5/14/2024
877,457,delsomoc,$2a$04$Zw1D/SvPyFBtsCj6YYH88.AUSoTdB7v4iMI2BZIv7l/kX/Bg2mB4e,9/30/2023
878,304,msandlinod,$2a$04$E/.wtpShbjuCRsHJGlYH/.7lHQSFlBj65gU9nlF7MjHug52tbVUHe,9/18/2023
879,618,wwandsoe,$2a$04$KFiFm1ZX6lPIc78g/bHMruHa6GaG8U7mW9x8lvxIXhpSOXQ8JjCBi,8/24/2020
880,206,idoickof,$2a$04$mqBscAF8IGYGvHDv0.twqOSgnFASkcLLCXRxQae1FjzCcf0gFzbnO,5/5/2020
881,163,pcomettoog,$2a$04$5kuKuw.t0DQvojcp2826r.o8mPNLGHRqnRRGDMKiVUs8lVI1o8Ql2,6/19/2024
882,749,mspeendenoh,$2a$04$Mn/LUF2t2jJHNauUuL6HeODE8AsrzvaZkzsaKBkuXbisLiqV39q7m,10/13/2022
883,7,aruffleroi,$2a$04$0ctl7RSPc9PAluRsPWnoi.ards39E9Jsv7rRm4o7KNZd3kcALu5VC,2/27/2023
884,195,kswaingeroj,$2a$04$SY/nrTDpfwXcvyEHEqN8UuZzCduvtXBE3fpgJmZwV.V2fVvvrrf0u,3/6/2022
885,914,acearleyok,$2a$04$6JIkUiLJC5fMt0Kyawzxiu7E5qQDxhxW1GnNt/Qtll47dXiT7Q2mi,7/11/2020
886,588,cgoriol,$2a$04$1Q724OGsrpM.NNs7I5vD4Oe8au9jiCzdV1f7GvrRZSY0jH1ft3Mcy,6/17/2021
887,700,bbartelliom,$2a$04$50YtA4nt4nFs1wpAl5BqMuYhDvtWPRlDPV6hpfnN2kvArGo24D4Aa,4/4/2021
888,468,sfiggon,$2a$04$8YZdPMDkB7bCvlRX5rqTHe10W3ftSVTs6toQnEd9L5pwF.aUarlKq,11/7/2024
889,164,bpaolozzioo,$2a$04$DqzpXTOzGkR7GobWT6AwG.2ZgcTx8MnJ51h/Y2QZqU33dooHsUg9a,12/26/2023
890,63,cgreatrexop,$2a$04$GcQ04BaILyXz8Yp7./YAT.VKmcY5KEY0PtMR1Bflf/5/04i7Tkfhy,2/14/2022
891,38,aalberyoq,$2a$04$t3jJnRGAX0Od2O/2Iu9FnOdhtDqRwQpKFYiRgbbwXUb/dcS2gjUNy,9/10/2025
892,608,vnuttallor,$2a$04$IK2dh5ETZhCUTLNGQ3BF/uanJJ8Nt1Qi71qZZHApJoDmX.bpahGp6,1/7/2020
893,959,cmacpadeneos,$2a$04$YMNIuYmz1qdL8bpkoLTkHOhWoP11jy5hw89RJSugB3poLs.pn0aky,10/10/2020
894,34,ksybryot,$2a$04$wN.MkaKvf7sYsHG6Z.bhYusCXWsF46oZNIiZwiwRYxVjMYCIHwD1.,1/3/2022
895,217,skobierraou,$2a$04$MFy3EyzLtvfafM6nB2C.deKXQ0iwK.T3OdMfoBPcPVjsGJx1mEYda,6/20/2022
896,277,tcoathov,$2a$04$Z6DPJnZgdqvlqqXfX0Dkue73MAdqpC0ZheIW1HJs5qdfhhn.xizKm,4/29/2024
897,222,rleanderow,$2a$04$jchDNmtl3cgOJiFr5bpN0.mqh8CT5d3KbHytDkVG.D52wmB38Jtvm,6/10/2021
898,419,cslimmingox,$2a$04$itD8XejjU1ZZhNJ86d.dje7DTQMqxK6kzu.v4yTOSOgqtGLJyV7EO,4/5/2023
899,45,sgardoy,$2a$04$m6PmrNU9jYySffYJrkif7u91IoRaxrPgimred7jNwW1cluB8ieQwu,9/20/2021
900,74,jalleynoz,$2a$04$naHzUP/Mhct9gr9UC7MMEuMKtExlR//n7WBeJ5gN7KslKLWDjaAFm,12/18/2023
901,510,hshipseyp0,$2a$04$pPkyuf5q29U9r6s11jOo5uw/19kJSSR5.6ME4KVJoak8PqPfNbgT6,4/11/2020
902,408,mwolfersp1,$2a$04$gJjcyz.c2lHsbaLTXeXZruukyDW9ESS6ssLNm2bF3z1BwSdqpZdwm,9/14/2022
903,78,blemmensp2,$2a$04$OL0ZBUcjHAisZmzV9AZKS.lZQWi./0xh4SrdfRDElfRagO0747zwi,4/17/2025
904,357,himlackep3,$2a$04$Izs/x3HmEz5tZPns5YpBrORp6vHf9J848y1kxhVbfBpBBfXR3z4q2,4/11/2024
905,644,pbaddoep4,$2a$04$OGnAoQ/RO3ICvoQt58CU0eqVwHR4/JO6Ljthtna0vfv1ERUyaM2Hy,7/5/2021
906,214,vprucep5,$2a$04$2PXuLbULekfNlAAKn6vBJut9C23Isdt4wsI.pBib9MP08vW7254Vy,12/19/2024
907,986,gfilipchikovp6,$2a$04$5z5FErWW44IiZou/Gmm87uK7yjN.0tdYyPL7LkjX/6QpkbSD3fOAW,12/27/2021
908,272,trudramp7,$2a$04$UhqDREMTQb6w67voq6dDBOQhZOMPpoWVsdnR5lqY6L0Cadwjq.6my,8/26/2023
909,842,lrisboroughp8,$2a$04$yoKauGL0PMJY7p7CWxgiFOgaEH/5/dJayKUNdeiVwqTZN0MsOrnVq,8/1/2024
910,255,dparisop9,$2a$04$PQfUj4WtXIVfOebaewTtp.GvFHN4Of/VIB3H0Ktz2DkAqRVpE96um,5/9/2021
911,943,trivallandpa,$2a$04$k1lpWeZy97wop6w8rKDVWOnmN6WqP.ABPpc6MZYIH9h0KZIJUmQ2a,5/3/2023
912,697,olokierpb,$2a$04$vVZOQr3mgBQcVdWfmZMLsOU9kqcBksTdZ18lCcdDfLjyvJZ5YX346,11/25/2022
913,75,alynettpc,$2a$04$R4XwoT3pV4FfxFXF6DkK6.wZyAUa5woNE5J/UY8xvFF.aUXKXeAy6,8/7/2024
914,368,dsiemianowiczpd,$2a$04$18jkedzDfCJIzYDmmYepv.XW5mlYvjmqMOdXvy0hLSGgtsSm.zPs6,1/13/2021
915,800,jlarcherpe,$2a$04$npa8knSx1y9wNgFmYZBz4OipsG9mIabPUv.sQSPsynzfgaauwCbIy,12/11/2025
916,336,ppinkpf,$2a$04$oTxrLee8pjklrB45yYX2jeAECL/RdAAs5Ub/oYErb2B8ttzV6ftIi,12/13/2021
917,283,ahutchenspg,$2a$04$ZhRegVjl1HG/1zrQ.ia5oeQQFZFrtVxR9z5aOGzNMcgN11iGZT3fu,4/18/2025
918,781,rbothwellph,$2a$04$WXdVj3UUIoyx57lG/fNfGeVazWFaofgxPTYl.Z/69YUMqmOqUrOCW,10/25/2024
919,840,cfranzenpi,$2a$04$SqVee5/MxxRv5kwHb2VfWuL1YgI/kqz/ai2J3xGBxmeCOezVTAv/K,2/20/2022
920,431,dblitzerpj,$2a$04$U/f6SpW.7aqehBgi16zR7.LQS.SuIx2EuhaREVGDkDJs29R79r7Ru,6/29/2020
921,987,dgarfordpk,$2a$04$0W58m8jQ4pWSUJ1hp6cC0uE6MQ92n.owm8FxireB/LtDtnQ/vKUPO,10/8/2022
922,62,mcardallpl,$2a$04$ogQN0ekxiT62diOhs0dSdea1w5f.pKDHjj2BcdU9SxyekJEHmp8Dm,11/22/2023
923,857,cwarterspm,$2a$04$xDX.ixAZkN2vsFrMdq5mgeyTe3dHeRgbC2ZB.YmlhzrSRQCs6qkQW,11/23/2021
924,135,abonnavantpn,$2a$04$IqC8REVd7juK/nHC7i.ssuN8MvYiOO1CI5aTYl0wPKfawfFOHv56S,2/6/2020
925,264,jhegdenpo,$2a$04$Au9yvi9Ewt20y3J8p9s5Repi5viSdNKRC5PKZivkM83Z0tURV/mge,1/8/2021
926,416,mhancellpp,$2a$04$CYpyx26QTsDuokBia6gereWmCLGVWQLjReJRUQ79ClNUnTU1Cs3AC,12/8/2020
927,925,cboncoeurpq,$2a$04$1xRs6DbvdLapgs5V59pB9OaRABevNALP.rNfGVg2vEp1bKcfAEz9O,3/8/2024
928,862,cdemarepr,$2a$04$C/TOsVx/6KE.6fYHFxcmG.n6xTmq271cS36AS7Uvnf01hvucUL0Vu,3/11/2020
929,194,hlittledykeps,$2a$04$wnZY952HWvIgCp6AhhUElenbNfhphUBCxwObyQpsSuTjY8x3yBesS,7/16/2025
930,796,mcullinanpt,$2a$04$55WANoByWQKR746kWup9h.d7WUjac./.4ivC.vvPgFajjEYwI9/O2,3/12/2024
931,703,cgowansonpu,$2a$04$zdUu58gsBDt9hk3dx4vss.zId1VlVffadNgX7yO1jRTPkCN1bnHLy,8/28/2021
932,701,egettingspv,$2a$04$zeO432omYPrRjQCPg8hgku11jyIrF6r1CCqu4EbH9QhOL2HMIKRyS,5/15/2022
933,510,adyottpw,$2a$04$C5cbaa1dpk2ORuXsnMH2XOCTfGhK5D9dbthoVRIhFjGvFqIahiBda,6/23/2022
934,374,sregorzpx,$2a$04$Q3uhmUuPgx5YBQ/vF/mdGub3pwtkVXNyqDmVVXbvpBalCFzsPqrBW,7/19/2025
935,160,hcowsbypy,$2a$04$4Uqi1UOY7Sjfxcb5SaB5.O/Nt2nFrnjMiHDwlH/QgeQm6OzeBQY22,10/23/2024
936,790,kswiggspz,$2a$04$mgZnPxs1ydiGJr0fjI3LfO4GzE2q4Z9UfoYqdIE1wKa2trNdEmd8e,4/20/2021
937,391,clanchesterq0,$2a$04$LJSoZqfl.i0RzAPXB3KmlO3zNoQ0.Nzdaf5upKPy1rscMoqu4cYzG,5/15/2021
938,630,enagleq1,$2a$04$zdrAuByEmXcTELaXbrv8aes4vomZgUVdeNE/lCxy6WxnXDqZOWrua,7/30/2025
939,522,igatleyq2,$2a$04$a.6Pq2wag5xcCF/hOkrphePMgFhuFMywoD6kjwIH6Og.f.zfepEJm,2/16/2025
940,296,gshiellq3,$2a$04$wgw9UGrvmpjL7wa64yOHzOn8uupe6v6siSWbJPIF7/z.BBhRkTY4C,2/24/2020
941,52,rsikoraq4,$2a$04$67JRaIviZtgOJZHqZdKtLOK59iHtqYJiXUZHn1K5/4NG9QddLIHLG,6/12/2020
942,336,kdanaharq5,$2a$04$4BYBzxrsggqHYt6s1uzSXeIsmI2xw7h0aidBWKQlr.Z3gpBMtITfC,9/18/2021
943,412,wcanaq6,$2a$04$JebkIn8iXz8eT/ngPWfhIOkg4WlVlFw7MGKGuVc.wYUHoD/RhMsm2,2/22/2020
944,176,nchoppinq7,$2a$04$TC2AuAfv7hKS0V6AKtExbeZyj1T9DSXlHA3qAz1s5rl/PHDV8ljMm,4/6/2025
945,52,ebridgettq8,$2a$04$PBAR0JmyFFsXpakeLv1k6uZG8irIhIUcLVOopZVTPipNJfT9l.G3y,3/24/2021
946,152,pskelcherq9,$2a$04$FhbkuBW4WP48KuQx2c1kwOjZNPyUcrvfAfoFp7.5NXKSWv.Y57Msa,12/29/2023
947,858,eadanqa,$2a$04$PWppSZqBM5CQVReOATUPd.s31rQC2bwRXgdnS35ti3Oi4G5C4bUOC,12/4/2021
948,378,nmcgirrqb,$2a$04$IjJ.Y3/48j7RNCgvDqHvh.B/1hVA01XbmVspqWMdw/rmPzic9krYi,10/15/2020
949,781,mlandmanqc,$2a$04$O9kUj/KPYAOBFMkJ8Bb9euIZGhG7hBp3zAxFHskDhgPZmNM5EIOYC,7/11/2025
950,279,euffqd,$2a$04$n7a.XFIo8a6UxunhkOct8OpBk6Ae7kguYj95Ytk2SYXP2WsCewsve,8/25/2022
951,85,bgriptonqe,$2a$04$1S.Cs.FEj1a2G0UA6LL5i.UaYDPo/CKcqV7EmP0BnTkur8/v6qZY6,1/1/2023
952,354,cdrewellqf,$2a$04$25Za4Uxi03II2zvbk5gdpe3xMTC/.vPuOoJ4IqQHPXUV8oIP1.PRC,7/18/2021
953,941,cmatzkaitisqg,$2a$04$R3XI58gxhJSLn6Px49i6TuxBPn.vVj7d1ycuo0PRu0gvytLtwmim6,5/10/2021
954,201,iblythingqh,$2a$04$qbV8jzzYascG0T1QcULLg.wBBiXMhLuejAO2QVVBVB43tXbQJd9XC,2/4/2024
955,564,bhellwingqi,$2a$04$iRleiXQiWLXX3ONK8uCMbOYNS8Ce.1fTbv40tzmSKMS5LBC97Tujy,9/12/2023
956,659,lbeaudryqj,$2a$04$x6Jp7f8GFuwUWrFQre/xrO7Wwbd.JuCpDf5MWlpnYkPXovnUlHyLO,11/12/2022
957,896,ijuanicoqk,$2a$04$e4YqlEDLzs0xQEZWxRNMV..bPobieSsA5krZoFZnP0D2zcPxlhaQC,10/19/2025
958,643,sruslinql,$2a$04$eo3bZEwgKcaO6w4gpP.1XuQw67SW.6VkmfkzJREHRpHy27u4Gx6.u,9/23/2022
959,628,sarbuckelqm,$2a$04$IvlO44DDoF/xWbkFuTMoMuB.vuy9xsBB8gowwdhBFJuEEA0.nZWf2,6/8/2024
960,413,ebissetqn,$2a$04$ir29VUh5fDDG4y9Py2KIR.LnkJc6WZRWmI44EpXcKIFJEPxTFMyjW,12/14/2020
961,239,aricartqo,$2a$04$hcMJ7owGu8sY1v6lmL97rew3.bzZesUH0mDUwGdxyNuuHyXzGvk22,9/15/2025
962,472,knaysheqp,$2a$04$y4nmncVWMS/bF9AXVK7LueZSmxWi5XwDOVe4Mkglj2yWrKq1j2Kt.,5/10/2025
963,546,cmcgeouchqq,$2a$04$PcNCBeB2pMvfq8bCXl4Rn.ucPpIoD7A9jsuXqwoEM0d2YnAAewaAi,5/8/2021
964,388,adaintreeqr,$2a$04$i8MSB4/l1KwSpFOrV4JzQu9/qWG1uY0YUNK13Fkuyf9JpqggMvHOu,9/14/2021
965,445,flillemanqs,$2a$04$NSpAUKkAGMe/JT5R/.0dj.kyhVfbKOSZ1u24mj7ybiCgJCuYOCSTW,4/23/2025
966,466,mbaggianiqt,$2a$04$Aj7Lw8uhQOzODD14n9qgUOHR027JYxdO7tt/bVsGAIMU0JxTwIntO,9/21/2024
967,362,lgillmorequ,$2a$04$0zSMOD6/IuGSXyDmVPxf9OYi48OJ0bbRib1TqYY.dL2ANJGeya.sa,6/9/2023
968,877,bglasserqv,$2a$04$amj8aCCSeaTzut6Kdix/HuFfgHbElEidjh3ZheSxelGvPvitIrv0m,10/17/2025
969,230,tshegogqw,$2a$04$YYI.tpwtZkZkoTdPdYzea.I.Alk/MjzlVwugNZJalcjs.TkXue7ZG,8/18/2024
970,753,mbladonqx,$2a$04$FZ4LpdwTk3HyiZczNKdO0.tTWNr1lSAzW3CzlHlbZ3eVxxSdRrM3m,4/4/2021
971,458,ckeasleyqy,$2a$04$z1RXP015k.0AgdY33/OYXeToBA0TdSSrZF0Y2EYWwXBTOgNYEO.YS,9/2/2024
972,418,wdoegqz,$2a$04$ZB4q5NPWwjI/W/Q7EiIcDuxhHcn8dSXzpC8e4.uAvRWnaKH1.KLe2,11/15/2023
973,640,ppetruschr0,$2a$04$3xEaWK4/ljjNuX1pydZM3O8TCWEmJJ0yq5GTqBpwyijrskchqsBIq,8/13/2022
974,12,cnoorer1,$2a$04$ZX8ieC.8uk4sTnHVHQgq4O/PR..WB1rqaoDBpdjeeCyJTL4WRp0tq,2/3/2020
975,733,hfryerr2,$2a$04$ZHOOEO0aRAyxLZ/qNJt3LeQhjdXOcQKHVjlaludcsEt0fdZ/5brlS,4/8/2025
976,719,cstiellr3,$2a$04$ght56oFBvJtR2mliJ/pCZeDArn3Yax./2IHg/giCnKNFTl1CqaRLi,8/18/2021
977,783,pturbernr4,$2a$04$wi94u5AxTkOcxJbXVwXBee0GhB3kinE1w5GEs3gf9ys0f0XsGSdqq,5/5/2021
978,837,kdoretr5,$2a$04$.s7iSNd/ifGgDOOsM0krf.pvL4eD6fOXbahjbeabwbUC2TGoY/ZUW,1/12/2020
979,889,vwitnallr6,$2a$04$9xPj668ihhWl1h9vhn4tMONkCTE91jCxZ5mCP2DgQiii9EnWvEFDW,4/23/2020
980,56,hsollomr7,$2a$04$EF7AYdNNkWLsXUVFZbgCEe1WGo3R399plq.YJy2DVSbjZKY4Nts.e,1/31/2025
981,835,lelfleetr8,$2a$04$PD7AT5r2XPKxv/WXtaob3uFaO3NJDRH37454PAlrD.ww9GVV0wPDi,2/7/2025
982,806,jreedr9,$2a$04$e2hRemvrNITo04L7rk6O.uP20.YULnf.AelubDFk3ubqhTupuLbWC,10/31/2023
983,378,jwyldishra,$2a$04$KK/v66WmWh0aW9vRSXH9LuIpcWpNh3DGrZM6KJbiq4WBGMJ9Q.2BC,12/8/2023
984,830,hsetchfieldrb,$2a$04$OvNeWmmDjBZR/y8jVXjagOkNa9EqJ9Ph4YlAVemnkV6A0Bom1gMmq,8/14/2020
985,725,nfitzackerleyrc,$2a$04$LsdZ3rp0x3S6/9e78XY2oOLGKDO6WjIe4YON0S1bbXhzetC4A8NIu,4/30/2021
986,11,rspriddlerd,$2a$04$YNZeXgpQXTxJ5Uvo4sn4fu0DDNNxTn3XDQUwxqELNI16VvKWZKmP2,12/29/2021
987,740,ppoynorre,$2a$04$N77RqEwvv7Dul9gtFOLeJe0Jh2hk6E.fVU3gnc2cyccubBzFURyd2,7/29/2024
988,724,tdimockrf,$2a$04$3OlpZcrARp2xv8ELTNNmP.gOfYxnXdyloUzPlv/Za5YmMpU2Yd1nq,10/17/2021
989,182,jgibbonsonrg,$2a$04$cc/xLGBC94xeXNjbnHKNreC13n3OlR1yTQkVqR4GndtUxRqplvlH.,2/3/2022
990,727,tvondrakrh,$2a$04$imSPHGcvZT.8vOiGSZT0juOhyaLMsMcfjzSE0RfYUEAx1RgMq55dq,3/3/2025
991,589,msawyerri,$2a$04$a095MPVgQCIVSKqF2mW9wOCPFYOF2kuUN4vV40j7mfkBitSOa7Cna,11/14/2021
992,341,kkeransrj,$2a$04$2zLSEkhdmsj192rcnmho9uXqH2Kn8PkHHepkZefHKovMD7C9I9fom,8/30/2023
993,704,ljacquestrk,$2a$04$a3FMjztzl4IbqYg6EiZJP.5KpT1gUznqox23zWa8QAOqxySV.yUOq,3/30/2025
994,331,acogganrl,$2a$04$nXae5MeJGvPsbrmeDpudCufo.jg601DIednW3n4kQUvr6hxU6V/Ge,5/25/2025
995,513,ddeknevetrm,$2a$04$tQ34slx6terbXihNqfBdIefMFqM1ROSFem0Amz3xTd1nKPvXBlsZW,6/17/2025
996,642,mskerrattrn,$2a$04$xpajERqQYa5mkXycrKOQs.oRH09yGD62A.d4EpD70UPrN5Oh6VlRu,3/28/2022
997,566,cmatuszewskiro,$2a$04$22b0rmmBWhz.18N3GTPG8.NKAjRORN/YAzVBsiUTZ9d9MygcfVltO,6/3/2023
998,60,idavisrp,$2a$04$r/YFS6YnrtePOM2gS31xW.OqTXe/T0MvMYbmYVbjuRRm8eNPWI6km,12/15/2021
999,250,mcaswallrq,$2a$04$RLjj.u3jBBXgi5VsTtDLVOF.pRI9i7U9jviwfd6F1lg7bTlKSnF12,2/12/2022
1000,882,lfedorchenkorr,$2a$04$Sve4zkOaPyxuIVpEAhfNoOM2LnrK0Br4x/ZzKRrzWLvRIbLch8CNW,10/2/2025
