LogID,UserID,ActionType,Timestamp
1,972,FailedLogin,12/20/2021
2,125,PasswordChange,3/8/2021
3,261,Logout,2/20/2022
4,954,FailedLogin,4/8/2025
5,132,FailedLogin,6/16/2024
6,53,Login,2/15/2024
7,91,Login,1/19/2025
8,405,FailedLogin,9/28/2021
9,675,PasswordChange,11/13/2021
10,917,Login,3/25/2025
11,302,PasswordChange,4/7/2025
12,915,Logout,2/1/2024
13,17,FailedLogin,3/22/2025
14,645,Login,10/5/2022
15,355,Login,4/12/2020
16,63,PasswordChange,12/12/2022
17,562,Login,3/14/2025
18,773,Login,5/9/2024
19,359,FailedLogin,9/13/2023
20,563,Logout,1/19/2024
21,595,Login,6/22/2022
22,741,FailedLogin,5/19/2021
23,843,PasswordChange,7/13/2025
24,491,PasswordChange,12/18/2022
25,913,PasswordChange,1/17/2025
26,664,PasswordChange,4/20/2024
27,203,Login,2/9/2024
28,716,Logout,1/24/2022
29,909,Login,8/18/2024
30,468,Login,5/8/2021
31,979,PasswordChange,8/8/2021
32,811,PasswordChange,6/5/2024
33,114,Logout,3/14/2021
34,844,PasswordChange,10/31/2021
35,176,FailedLogin,6/11/2021
36,130,FailedLogin,8/19/2020
37,830,FailedLogin,10/2/2021
38,125,Login,6/8/2022
39,84,FailedLogin,3/30/2020
40,824,Login,11/24/2023
41,482,Logout,11/14/2020
42,332,PasswordChange,6/4/2020
43,420,FailedLogin,5/16/2020
44,150,FailedLogin,5/1/2024
45,689,PasswordChange,5/18/2024
46,29,Login,2/24/2021
47,653,FailedLogin,3/15/2022
48,96,Login,11/27/2020
49,126,FailedLogin,1/2/2024
50,695,PasswordChange,4/18/2025
51,53,FailedLogin,12/22/2021
52,618,PasswordChange,7/21/2023
53,291,FailedLogin,12/14/2025
54,572,Logout,3/6/2025
55,533,PasswordChange,12/21/2022
56,193,FailedLogin,12/26/2024
57,886,Logout,2/22/2023
58,287,FailedLogin,5/4/2024
59,394,Login,7/27/2023
60,697,PasswordChange,7/12/2021
61,192,FailedLogin,12/18/2023
62,624,FailedLogin,6/8/2022
63,15,PasswordChange,12/27/2025
64,77,FailedLogin,1/15/2022
65,112,FailedLogin,2/6/2022
66,681,PasswordChange,5/20/2024
67,306,FailedLogin,3/9/2022
68,375,FailedLogin,12/19/2022
69,919,PasswordChange,4/24/2024
70,155,FailedLogin,7/5/2021
71,669,FailedLogin,3/14/2024
72,809,PasswordChange,5/19/2024
73,5,PasswordChange,6/5/2023
74,365,Logout,11/13/2023
75,708,Logout,2/8/2021
76,153,PasswordChange,11/14/2021
77,823,Logout,8/23/2021
78,584,PasswordChange,9/23/2025
79,851,FailedLogin,6/10/2022
80,41,Login,3/28/2023
81,61,Logout,9/29/2024
82,872,FailedLogin,12/14/2022
83,184,Logout,7/25/2023
84,223,FailedLogin,1/13/2023
85,864,Login,2/14/2021
86,380,Login,3/10/2024
87,658,FailedLogin,3/18/2022
88,358,Logout,3/9/2023
89,393,Logout,4/4/2023
90,283,Logout,4/25/2021
91,814,Login,7/23/2024
92,227,Logout,11/21/2021
93,906,FailedLogin,9/25/2023
94,926,FailedLogin,6/20/2024
95,314,PasswordChange,8/13/2020
96,352,Logout,9/9/2025
97,868,Login,6/2/2025
98,472,Login,11/21/2020
99,98,FailedLogin,11/16/2021
100,430,Login,3/12/2020
101,753,FailedLogin,9/25/2025
102,860,PasswordChange,5/17/2023
103,65,PasswordChange,9/17/2025
104,528,Login,12/23/2025
105,245,PasswordChange,7/7/2021
106,672,PasswordChange,10/29/2025
107,948,Logout,7/19/2020
108,435,Logout,7/27/2021
109,289,FailedLogin,8/20/2024
110,977,PasswordChange,12/11/2025
111,504,FailedLogin,10/2/2023
112,519,Logout,11/10/2023
113,102,Logout,9/12/2021
114,665,Login,7/8/2025
115,264,FailedLogin,3/28/2021
116,796,PasswordChange,2/7/2025
117,876,FailedLogin,12/24/2020
118,329,FailedLogin,4/6/2022
119,636,Login,10/15/2023
120,369,FailedLogin,5/25/2024
121,336,Logout,10/6/2023
122,752,Login,11/20/2021
123,863,FailedLogin,6/30/2020
124,993,PasswordChange,11/5/2023
125,449,FailedLogin,6/2/2025
126,608,PasswordChange,6/9/2022
127,595,FailedLogin,9/30/2022
128,803,Login,4/21/2021
129,220,Login,3/8/2020
130,563,PasswordChange,1/3/2023
131,451,PasswordChange,6/12/2020
132,43,PasswordChange,3/27/2021
133,819,PasswordChange,5/3/2024
134,221,FailedLogin,9/28/2024
135,772,PasswordChange,7/27/2024
136,761,PasswordChange,2/26/2022
137,678,FailedLogin,1/21/2021
138,629,FailedLogin,1/3/2021
139,375,Login,9/29/2020
140,200,Logout,9/20/2022
141,199,FailedLogin,2/19/2023
142,842,Logout,1/27/2023
143,890,Logout,3/28/2020
144,800,Login,11/8/2020
145,737,PasswordChange,2/3/2022
146,71,Logout,7/18/2024
147,111,PasswordChange,6/22/2024
148,239,PasswordChange,10/31/2025
149,593,PasswordChange,1/15/2022
150,415,PasswordChange,8/13/2024
151,75,Login,1/10/2025
152,522,FailedLogin,8/2/2022
153,830,PasswordChange,9/11/2020
154,92,Logout,4/19/2022
155,726,Login,6/7/2020
156,215,Logout,4/30/2022
157,193,Login,10/13/2023
158,456,FailedLogin,6/6/2024
159,459,Login,10/17/2022
160,541,PasswordChange,11/25/2025
161,854,Login,12/26/2025
162,164,PasswordChange,11/8/2020
163,985,Login,10/23/2024
164,304,Logout,12/7/2020
165,634,Logout,12/15/2023
166,1,Login,7/16/2020
167,196,PasswordChange,4/11/2025
168,835,FailedLogin,9/19/2023
169,384,Login,4/20/2025
170,182,PasswordChange,2/8/2021
171,739,Logout,6/9/2020
172,814,Logout,12/23/2024
173,70,PasswordChange,11/21/2021
174,752,Login,5/11/2024
175,486,Logout,3/4/2023
176,113,Logout,7/8/2022
177,882,PasswordChange,2/4/2024
178,645,FailedLogin,3/5/2025
179,204,Login,5/3/2023
180,107,Logout,3/2/2021
181,798,PasswordChange,5/12/2024
182,58,PasswordChange,4/19/2023
183,388,Login,1/15/2020
184,583,FailedLogin,6/3/2021
185,588,Logout,5/27/2023
186,395,Logout,8/23/2022
187,925,Logout,8/27/2025
188,820,Logout,5/7/2020
189,69,Login,11/2/2020
190,467,PasswordChange,8/2/2023
191,452,FailedLogin,8/6/2021
192,240,Logout,3/13/2021
193,902,PasswordChange,9/16/2022
194,133,Login,4/1/2024
195,166,PasswordChange,3/4/2022
196,69,Login,11/28/2022
197,970,Login,6/28/2020
198,191,Login,9/4/2020
199,634,FailedLogin,3/18/2024
200,599,Login,6/24/2024
201,107,Login,12/14/2023
202,85,FailedLogin,8/4/2020
203,449,Login,11/6/2025
204,267,FailedLogin,1/25/2023
205,729,Logout,3/23/2023
206,566,PasswordChange,1/1/2025
207,54,Login,10/18/2023
208,968,PasswordChange,5/17/2023
209,944,Logout,4/15/2021
210,451,Login,8/21/2024
211,952,FailedLogin,7/15/2022
212,872,Login,3/20/2023
213,935,Login,11/5/2020
214,735,Logout,7/21/2020
215,775,Login,10/13/2021
216,423,Logout,11/9/2022
217,298,FailedLogin,9/21/2021
218,245,PasswordChange,3/24/2024
219,333,Logout,9/19/2023
220,933,Logout,2/4/2022
221,458,Logout,1/6/2020
222,238,PasswordChange,1/3/2024
223,23,Logout,6/2/2024
224,973,PasswordChange,11/2/2020
225,525,FailedLogin,2/23/2025
226,504,Logout,2/16/2023
227,355,FailedLogin,5/3/2020
228,986,Login,4/11/2021
229,332,FailedLogin,5/27/2025
230,626,Logout,10/18/2023
231,464,Login,3/1/2022
232,700,FailedLogin,6/29/2025
233,132,PasswordChange,1/10/2024
234,398,Login,8/12/2020
235,393,FailedLogin,11/24/2023
236,917,PasswordChange,4/20/2020
237,426,PasswordChange,2/1/2023
238,31,Logout,4/26/2022
239,704,Logout,6/15/2020
240,741,Logout,2/16/2021
241,454,Login,11/14/2021
242,317,FailedLogin,12/4/2023
243,267,PasswordChange,8/30/2021
244,640,PasswordChange,9/19/2023
245,301,Login,6/9/2025
246,492,PasswordChange,2/16/2024
247,477,PasswordChange,10/20/2021
248,750,Login,7/15/2023
249,688,Login,7/13/2020
250,438,PasswordChange,11/8/2025
251,672,FailedLogin,3/23/2022
252,813,FailedLogin,2/19/2020
253,886,Login,5/28/2022
254,911,FailedLogin,3/30/2023
255,470,Login,2/28/2021
256,311,PasswordChange,2/7/2024
257,118,Logout,12/1/2025
258,213,PasswordChange,8/12/2020
259,678,FailedLogin,12/3/2025
260,3,Login,2/21/2024
261,811,Login,5/29/2021
262,764,Logout,2/11/2025
263,737,PasswordChange,8/19/2023
264,359,PasswordChange,5/5/2025
265,749,PasswordChange,3/28/2024
266,363,Logout,10/30/2021
267,454,FailedLogin,1/25/2023
268,574,PasswordChange,2/1/2024
269,733,Login,8/8/2021
270,426,Login,10/2/2022
271,646,Login,2/13/2024
272,685,FailedLogin,7/20/2024
273,739,FailedLogin,5/2/2024
274,714,FailedLogin,6/24/2021
275,937,FailedLogin,3/13/2022
276,571,FailedLogin,6/29/2020
277,211,FailedLogin,3/5/2020
278,727,FailedLogin,9/15/2021
279,930,Logout,11/15/2022
280,273,Login,7/15/2021
281,201,Login,1/18/2020
282,914,Logout,4/18/2022
283,727,FailedLogin,9/27/2021
284,422,FailedLogin,12/1/2021
285,150,Logout,4/7/2020
286,29,PasswordChange,1/16/2023
287,144,Login,11/23/2023
288,932,PasswordChange,6/24/2021
289,599,Logout,9/7/2025
290,48,Logout,6/12/2022
291,909,Logout,7/3/2020
292,374,Logout,5/8/2024
293,535,PasswordChange,6/23/2024
294,131,Logout,12/17/2023
295,393,Logout,11/15/2020
296,710,Logout,6/5/2025
297,710,PasswordChange,12/5/2023
298,771,Logout,1/27/2024
299,813,FailedLogin,4/13/2025
300,931,PasswordChange,12/19/2021
301,676,PasswordChange,12/23/2022
302,669,Login,7/29/2025
303,607,Logout,12/24/2022
304,946,Login,3/19/2021
305,156,Logout,6/4/2021
306,725,Logout,11/11/2023
307,298,Logout,7/19/2020
308,822,Logout,3/30/2020
309,64,Logout,1/5/2023
310,969,Login,4/12/2022
311,509,Logout,2/2/2023
312,230,PasswordChange,6/7/2020
313,604,Logout,6/9/2024
314,990,Logout,6/11/2022
315,618,Logout,10/9/2021
316,561,FailedLogin,9/5/2025
317,671,Logout,6/11/2022
318,631,Logout,9/25/2020
319,479,FailedLogin,4/21/2025
320,915,Login,3/10/2024
321,989,Logout,8/28/2024
322,539,FailedLogin,7/16/2022
323,820,Logout,6/16/2020
324,640,PasswordChange,10/6/2024
325,688,Logout,7/19/2023
326,571,Logout,3/1/2020
327,596,PasswordChange,3/6/2025
328,21,Logout,5/25/2025
329,637,Login,1/22/2021
330,357,FailedLogin,1/2/2020
331,59,FailedLogin,5/13/2022
332,479,PasswordChange,7/16/2020
333,344,FailedLogin,4/13/2022
334,512,FailedLogin,1/31/2021
335,983,Logout,11/11/2022
336,614,Logout,4/11/2022
337,296,FailedLogin,11/25/2022
338,666,FailedLogin,4/25/2021
339,421,PasswordChange,9/5/2023
340,179,Login,6/20/2025
341,234,Login,11/22/2023
342,867,Login,6/16/2021
343,545,Logout,1/3/2022
344,122,Logout,5/31/2021
345,52,FailedLogin,1/8/2023
346,841,Logout,3/24/2025
347,202,Login,12/23/2021
348,845,Login,7/7/2021
349,3,Login,5/28/2023
350,732,Logout,10/28/2020
351,701,Login,11/4/2021
352,813,Logout,1/30/2024
353,483,FailedLogin,8/4/2021
354,418,Login,6/22/2020
355,980,Login,8/2/2021
356,726,Login,9/28/2023
357,743,Logout,5/10/2022
358,595,FailedLogin,7/27/2020
359,486,PasswordChange,2/7/2020
360,862,PasswordChange,3/27/2020
361,265,FailedLogin,4/5/2023
362,339,PasswordChange,9/16/2021
363,242,Login,2/19/2022
364,408,PasswordChange,11/15/2020
365,385,FailedLogin,8/9/2022
366,169,Logout,11/24/2020
367,714,Login,9/7/2023
368,290,Logout,7/9/2021
369,972,PasswordChange,8/2/2020
370,402,Login,12/1/2020
371,383,PasswordChange,11/23/2020
372,309,PasswordChange,1/28/2021
373,303,FailedLogin,8/12/2023
374,237,Logout,11/2/2025
375,438,FailedLogin,12/25/2024
376,544,FailedLogin,7/1/2024
377,971,Login,1/8/2023
378,563,Login,4/19/2025
379,363,Login,1/27/2025
380,3,PasswordChange,7/13/2023
381,60,Logout,12/15/2024
382,601,Login,7/11/2021
383,354,PasswordChange,12/4/2024
384,436,PasswordChange,3/30/2021
385,216,Logout,1/8/2025
386,247,Login,9/18/2022
387,443,PasswordChange,10/1/2023
388,748,FailedLogin,8/15/2024
389,958,Logout,8/6/2021
390,798,PasswordChange,11/11/2022
391,898,FailedLogin,10/1/2025
392,55,Logout,7/25/2022
393,535,PasswordChange,3/9/2023
394,539,Logout,4/20/2020
395,592,PasswordChange,2/20/2024
396,346,PasswordChange,3/14/2020
397,852,Login,1/12/2024
398,865,FailedLogin,7/31/2024
399,965,Login,4/20/2020
400,292,FailedLogin,2/1/2023
401,764,PasswordChange,4/25/2024
402,803,FailedLogin,3/11/2021
403,409,Logout,4/15/2025
404,747,PasswordChange,10/25/2025
405,66,Logout,4/7/2025
406,265,PasswordChange,7/3/2024
407,393,PasswordChange,5/29/2020
408,162,FailedLogin,6/13/2025
409,276,FailedLogin,6/27/2020
410,438,FailedLogin,10/30/2023
411,918,FailedLogin,8/23/2023
412,428,Logout,7/10/2025
413,345,FailedLogin,3/19/2022
414,521,Logout,6/20/2023
415,122,PasswordChange,11/20/2025
416,458,FailedLogin,1/3/2023
417,401,Logout,3/25/2021
418,872,Logout,8/7/2024
419,503,Logout,7/26/2023
420,136,Logout,11/1/2024
421,452,FailedLogin,8/23/2020
422,158,Logout,8/4/2023
423,398,PasswordChange,7/12/2024
424,68,FailedLogin,11/16/2021
425,734,FailedLogin,10/8/2025
426,61,PasswordChange,12/31/2024
427,346,PasswordChange,11/1/2025
428,319,PasswordChange,1/1/2022
429,292,PasswordChange,3/24/2024
430,870,FailedLogin,12/16/2022
431,481,Logout,2/4/2025
432,393,Login,7/9/2023
433,536,PasswordChange,10/9/2021
434,648,Login,7/10/2022
435,404,Login,3/31/2022
436,645,FailedLogin,11/12/2025
437,385,FailedLogin,6/10/2024
438,208,FailedLogin,1/26/2025
439,748,Login,9/21/2025
440,481,FailedLogin,3/7/2022
441,437,PasswordChange,5/17/2021
442,433,Logout,12/25/2025
443,507,Logout,1/21/2025
444,192,FailedLogin,8/20/2025
445,508,PasswordChange,8/14/2025
446,65,PasswordChange,6/12/2024
447,842,PasswordChange,10/29/2023
448,483,PasswordChange,1/21/2024
449,83,FailedLogin,5/1/2022
450,45,PasswordChange,11/15/2022
451,195,FailedLogin,5/15/2021
452,907,Logout,8/4/2024
453,409,Logout,7/4/2025
454,394,PasswordChange,10/11/2023
455,530,Logout,10/19/2025
456,687,Logout,7/3/2023
457,600,PasswordChange,6/23/2022
458,650,PasswordChange,2/24/2021
459,657,FailedLogin,3/22/2023
460,49,Logout,1/5/2020
461,23,Logout,11/22/2024
462,442,FailedLogin,8/7/2021
463,843,PasswordChange,1/16/2020
464,203,PasswordChange,12/10/2023
465,476,FailedLogin,9/22/2025
466,341,Login,9/28/2021
467,214,Logout,5/24/2020
468,679,FailedLogin,4/6/2023
469,636,PasswordChange,10/1/2024
470,708,Logout,8/2/2022
471,464,FailedLogin,7/16/2021
472,134,Login,7/11/2023
473,180,PasswordChange,11/20/2023
474,528,Login,1/25/2023
475,198,PasswordChange,1/2/2023
476,206,Login,10/12/2022
477,597,PasswordChange,9/25/2020
478,631,FailedLogin,12/15/2022
479,774,FailedLogin,12/17/2020
480,823,PasswordChange,12/4/2023
481,52,Logout,5/3/2024
482,581,PasswordChange,11/1/2022
483,844,Logout,10/8/2025
484,184,FailedLogin,9/13/2025
485,149,Logout,1/1/2024
486,10,Logout,2/6/2023
487,963,Login,1/28/2022
488,868,Logout,11/28/2024
489,245,Login,8/21/2023
490,626,Logout,6/27/2022
491,71,FailedLogin,1/19/2020
492,770,Login,9/19/2024
493,844,Login,2/2/2025
494,966,Logout,4/19/2025
495,625,Logout,12/16/2023
496,536,Login,3/10/2023
497,716,FailedLogin,10/8/2023
498,443,Logout,3/19/2025
499,80,FailedLogin,12/22/2020
500,686,FailedLogin,2/23/2025
